Mawave Marketing;No;No;Germany;Advertising & Marketing;3,042.1;215.6;3,362,000;107,000;45;5;2018
Identity;Yes;No;UK;Advertising & Marketing;2,179.7;183.5;122,331,863;5,023,843;97;43;2001
ShowHeroes Group;No;No;Germany;Advertising & Marketing;2,133.9;181.6;70,389,000;3,151,000;330;40;2016
myAppFree;Yes;No;Italy;Advertising & Marketing;1,572.9;155.8;16,382,653;979,292;14;4;2015
Infinityn International;No;No;Hungary;Advertising & Marketing;1,532.8;153.7;2,318,145;163,297;39;6;2016
Lhub;No;No;Italy;Advertising & Marketing;1,438.2;148.7;1,545,539;100,477;14;1;2017
Refinery89;No;No;The Netherlands;Advertising & Marketing;1,313.4;141.8;7,915,000;560,000;7;1;2018
Adpone;Yes;Yes;Spain;Advertising & Marketing;906.1;115.9;24,774,049;2,462,500;26;9;2015
Spin Up;Yes;No;Italy;Advertising & Marketing;790.0;107.2;7,614,426;855,542;7;2;2017
communicationAds;No;No;Germany;Advertising & Marketing;748.9;104.0;18,585,035;2,189,274;19;7;2014
BWGTBLD;No;No;Germany;Advertising & Marketing;703.5;100.3;27,421,344;3,412,909;13;4;2013
Obiz;Yes;Yes;France;Advertising & Marketing;601.1;91.4;36,934,900;5,268,200;40;27;2010
Billion Dollar Boy;Yes;Yes;UK;Advertising & Marketing;537.8;85.4;20,435,065;2,999,811;74;16;2014
Funnel;Yes;Yes;Sweden;Advertising & Marketing;472.9;78.9;16,767,432;2,961,552;228;65;2014
Evolution Group;Yes;No;Italy;Advertising & Marketing;428.1;74.1;18,193,618;3,445,249;14;3;2016
Storeis;No;No;Italy;Advertising & Marketing;424.3;73.7;2,527,655;482,066;32;7;2018
FLH;No;No;Germany;Advertising & Marketing;415.5;72.7;3,806,422;738,376;45;10;2015
Optima Network;No;No;Spain;Advertising & Marketing;412.3;72.4;6,665,955;1,301,135;3;2;2009
Kairos Media;No;No;UK;Advertising & Marketing;359.2;66.2;13,791,651;2,811,559;65;14;2015
Fifty Technology;No;No;UK;Advertising & Marketing;342.3;64.1;10,208,527;2,160,958;43;12;2015
Chef in Camicia;Yes;No;Italy;Advertising & Marketing;340.1;63.9;3,260,174;740,760;30;7;2015
Delante;Yes;Yes;Poland;Advertising & Marketing;336.0;63.4;3,417,060;837,960;62;46;2015
Seedtag;No;No;Spain;Advertising & Marketing;325.6;62.1;54,002,631;12,690,084;232;94;2014
Pirene;Yes;No;Italy;Advertising & Marketing;323.5;61.8;3,004,158;709,392;40;12;1999
Voice;No;No;Italy;Advertising & Marketing;311.1;60.2;8,711,795;2,119,000;3;3;2007
Smile Wanted;No;No;France;Advertising & Marketing;279.3;56.0;7,070,113;1,863,883;11;na;2016
Milk & Honey Pr;Yes;No;UK;Advertising & Marketing;277.6;55.7;2,362,477;585,737;26;7;2016
Stoyo Media UG;No;No;Germany;Advertising & Marketing;271.7;54.9;17,773,706;4,781,884;17;30;2015
RTB House;Yes;Yes;Poland;Advertising & Marketing;249.6;51.8;323,396,444;98,894,777;1,018;423;2013
Instilla;Yes;Yes;Italy;Advertising & Marketing;247.2;51.4;3,201,340;922,114;45;15;2015
Smarketer;No;No;Germany;Advertising & Marketing;238.5;50.2;19,521,761;5,766,621;218;77;2015
Buben & Mädchen;No;No;Germany;Advertising & Marketing;237.6;50.0;21,463,103;6,357,208;45;30;2011
Attachment;Yes;Yes;UK;Advertising & Marketing;232.3;49.2;9,797,568;2,760,118;8;3;2015
Project Agora;Yes;No;Cyprus;Advertising & Marketing;226.1;48.3;27,669,439;8,483,983;147;63;2016
Optad360;No;No;Poland;Advertising & Marketing;221.9;47.7;21,054,293;6,992,519;71;39;2014
The Marketing Practice;No;No;UK;Advertising & Marketing;217.0;46.9;52,404,878;15,474,421;492;150;2002
SomosSapiens;No;No;Spain;Advertising & Marketing;210.1;45.8;34,549,297;11,141,087;29;20;2010
Social & Impact;No;No;Italy;Advertising & Marketing;205.3;45.1;3,034,239;993,717;11;6;2008
Solidsense;No;No;Germany;Advertising & Marketing;200.4;44.3;4,215,650;1,403,400;11;5;2016
Soldats Films;No;No;France;Advertising & Marketing;190.1;42.6;3,794,843;1,307,992;6;1;2012
Displayce;No;No;France;Advertising & Marketing;185.0;41.8;3,704,650;1,300,107;18;12;2014
Secret Key;No;No;Italy;Advertising & Marketing;184.9;41.8;2,521,161;884,917;14;10;2013
MGvision;Yes;No;Italy;Advertising & Marketing;180.5;41.0;3,960,211;1,411,615;19;11;2010
Neocamino;No;No;France;Advertising & Marketing;179.2;40.8;2,264,865;811,079;34;17;2012
Operatix;No;No;UK;Advertising & Marketing;177.4;40.5;10,351,556;3,493,612;156;44;2012
Tikato;Yes;No;Italy;Advertising & Marketing;176.0;40.3;3,018,198;1,093,371;16;8;2013
Zanatta Media Group;Yes;No;Germany;Advertising & Marketing;174.5;40.0;9,651,512;3,516,242;14;10;2008
xpose360;No;No;Germany;Advertising & Marketing;169.4;39.1;8,183,892;3,037,958;61;31;2009
Calicantus;No;No;Italy;Advertising & Marketing;166.7;38.7;10,193,843;3,821,891;23;17;2007
Pomilio Blumm;No;No;Italy;Advertising & Marketing;161.0;37.7;46,662,868;17,878,374;55;62;1991
STORMING AG;No;No;Germany;Advertising & Marketing;160.8;37.7;3,204,325;1,228,498;53;12;2010
Gummy industries;No;No;Italy;Advertising & Marketing;158.9;37.3;2,797,167;1,080,484;33;17;2009
Fill Up Média;Yes;Yes;France;Advertising & Marketing;158.8;37.3;6,794,313;2,625,757;41;18;2011
Booster Box;Yes;Yes;Italy;Advertising & Marketing;154.7;36.6;4,226,576;1,659,120;50;20;2016
Hopkins;Yes;No;Finland;Advertising & Marketing;153.9;36.4;5,183,199;2,041,824;40;20;2009
Arquimea;Yes;Yes;Spain;Aerospace & Defence;1,054.1;126.0;115,989,295;10,049,954;416;55;2005
Dronehub;No;No;Poland;Aerospace & Defence;703.8;100.3;2,522,876;335,565;24;11;2015
Escadrone;No;No;France;Aerospace & Defence;206.5;45.3;4,295,816;1,401,800;10;4;2014
Exploitation Forestière Chadelat;No;No;France;Agriculture, Forestry & Fishing;1,094.3;128.6;146,894,677;12,299,800;42;42;1978
Nova Rent;Yes;No;Lithuania;Agriculture, Forestry & Fishing;360.5;66.4;15,503,968;3,366,978;42;26;2016
Beesharing;No;No;Germany;Agriculture, Forestry & Fishing;356.4;65.9;1,792,602;392,782;14;17;2016
Agricola Puccia;No;No;Italy;Agriculture, Forestry & Fishing;155.4;36.7;16,691,525;6,535,533;35;26;2011
Dagsmejan;No;No;Switzerland;Apparel & Fashion;2,310.3;188.9;9,522,659;363,824;24;6;2016
Non-Stop Dogwear;No;No;Norway;Apparel & Fashion;281.0;56.2;13,685,887;3,632,754;32;12;2009
GSP (Bonjour François);No;No;France;Apparel & Fashion;262.2;53.6;2,977,281;822,078;31;6;2013
SunGod;No;No;UK;Apparel & Fashion;226.9;48.4;6,091,940;1,744,442;13;6;2013
GDA;Yes;No;Italy;Apparel & Fashion;216.3;46.8;26,294,095;8,312,769;273;128;2008
Café du Cycliste;No;No;France;Apparel & Fashion;212.4;46.2;10,641,051;3,405,790;28;16;2009
nto;No;No;UK;Automotive;8,079.0;334.1;15,048,654;172,252;113;13;2017
Driveto;No;No;Czech Republic;Automotive;2,049.0;178.0;8,060,112;363,050;30;17;2016
Spotawheel;Yes;Yes;Greece;Automotive;643.6;95.2;34,653,332;4,660,181;254;48;2016
Riviera Motori;No;No;Italy;Automotive;630.0;94.0;2,290,338;313,758;3;2;2018
Jimbu;No;No;Germany;Automotive;620.3;93.1;3,354,505;465,712;17;3;2012
Podium Engineering;Yes;Yes;Italy;Automotive;509.0;82.6;29,098,872;4,778,250;44;19;2011
GetYourCar;No;No;Germany;Automotive;440.3;75.5;2,534,000;469,000;11;3;2016
Bräutigam Carbon Fiber Works;Yes;No;Germany;Automotive;437.8;75.2;5,097,214;947,831;38;15;2016
Montbazens Auto Service;No;No;France;Automotive;382.7;69.0;2,815,902;583,340;8;3;2013
Activate Group;No;No;UK;Automotive;317.4;61.0;229,407,028;51,458,914;300;102;2015
Soletek;No;No;Germany;Automotive;298.1;58.5;15,686,000;3,940,000;48;26;2016
Centro Auto Ricambi;No;No;Italy;Automotive;257.8;53.0;5,883,264;1,644,222;7;5;2011
APF Autoparts;No;No;Belgium;Automotive;251.1;52.0;72,224,000;20,569,000;90;50;1999
Mevas Auto;Yes;No;Romania;Automotive;237.8;50.0;2,860,536;900,686;30;20;2003
Tratega;No;No;Germany;Automotive;231.5;49.1;24,901,494;7,511,222;6;4;2017
Zanasi Group;No;No;Italy;Automotive;220.7;47.5;50,805,404;15,841,419;127;73;1964
Paddock Motors;No;No;Spain;Automotive;216.8;46.9;7,772,416;2,453,280;24;14;1965
MP-Auto;No;No;Italy;Automotive;198.6;44.0;4,624,439;1,548,708;3;1;2017
Autostandar 2.0;No;No;Italy;Automotive;196.1;43.6;21,115,054;7,131,560;16;5;2014
Sportwagengalerie Köhler & Fehrle;No;No;Germany;Automotive;194.7;43.4;5,260,000;1,785,000;3;3;2016
Karnetic;Yes;No;UK;Automotive;190.9;42.8;10,403,639;3,348,154;9;7;2014
Phobos;Yes;Yes;Slovakia;Automotive;186.4;42.0;5,093,380;1,778,149;12;9;1992
Finauto;Yes;No;Italy;Automotive;170.0;39.2;14,905,813;5,520,886;9;6;1977
Hammonia Oleo;No;No;Germany;Chemicals;897.2;115.2;12,771,405;1,280,737;10;7;2017
Erbagil;Yes;No;Italy;Chemicals;335.8;63.3;7,489,323;1,718,564;9;5;2009
Nanoprom Chemicals;Yes;No;Italy;Chemicals;334.8;63.2;2,742,362;630,724;6;6;2013
Agenzia Chimica Italiana;No;No;Italy;Chemicals;329.9;62.6;20,561,049;4,783,008;6;3;2011
KLG Liquida;Yes;No;Germany;Chemicals;328.6;62.4;7,230,000;1,687,000;43;24;2013
Mcule.Com;No;No;Hungary;Chemicals;315.9;60.8;2,859,362;790,858;22;15;2011
DMR Group;Yes;No;Poland;Chemicals;168.1;38.9;6,211,510;2,477,002;8;8;2013
T.O.M.;No;No;Germany;Construction & Engineering;2,857.5;209.2;7,098,000;240,000;55;3;2018
Renavitas;No;No;Italy;Construction & Engineering;2,412.1;192.9;4,328,480;172,304;6;2;2012
Edilenergia;No;No;Italy;Construction & Engineering;2,101.1;180.3;5,241,299;238,123;25;9;2018
Archingest;Yes;Yes;Italy;Construction & Engineering;1,918.4;172.3;43,696,761;2,164,962;7;3;2005
MPE Ausbau;No;No;Germany;Construction & Engineering;1,562.4;155.2;3,387,868;203,790;17;2;2018
Alternativa Impianti;No;No;Italy;Construction & Engineering;1,541.8;154.2;2,501,772;152,381;15;10;2013
FT-Vilstal;No;No;Germany;Construction & Engineering;1,379.7;145.5;9,878,752;667,603;24;13;2017
Isodeco;Yes;No;France;Construction & Engineering;1,220.4;136.4;5,141,294;389,372;12;10;2016
OC Bau;No;No;Germany;Construction & Engineering;1,045.4;125.4;6,631,918;579,024;51;7;2018
Great Building;No;No;Italy;Construction & Engineering;889.9;114.7;2,005,866;202,639;23;3;2015
MK Color;No;No;Germany;Construction & Engineering;848.4;111.7;4,172,159;439,928;46;8;2017
MPFinance;No;No;Italy;Construction & Engineering;844.2;111.4;11,709,469;1,240,209;2;2;2012
Studio Eko’;Yes;No;Italy;Construction & Engineering;778.1;106.3;3,996,165;455,098;6;2;2011
Politecna Europa;No;No;Italy;Construction & Engineering;727.2;102.2;2,531,652;306,047;8;1;2003
Termo;No;No;Italy;Construction & Engineering;665.9;97.1;16,277,445;2,125,365;130;21;2014
Imprendiroma;No;No;Italy;Construction & Engineering;647.1;95.5;20,510,271;2,745,306;24;12;2008
Teicos Ue;No;No;Italy;Construction & Engineering;637.3;94.6;24,239,042;3,287,371;33;13;1995
Piper Homes;Yes;No;UK;Construction & Engineering;626.9;93.7;45,816,158;5,901,198;30;11;2015
Kanalexperten Reitz;No;No;Germany;Construction & Engineering;578.9;89.4;3,622,604;533,566;20;6;2016
Isoterma;No;No;Italy;Construction & Engineering;554.3;87.0;30,524,022;4,665,137;21;13;2014
Revo Costruzioni;No;No;Italy;Construction & Engineering;488.4;80.5;5,620,784;955,261;8;8;2011
Solaris and more;Yes;No;Germany;Construction & Engineering;474.6;79.1;7,249,606;1,261,590;44;8;2011
Iocoli;No;No;Italy;Construction & Engineering;459.4;77.5;3,377,386;603,739;32;8;2008
Tarhanbau;Yes;No;Germany;Construction & Engineering;456.7;77.2;3,479,344;625,000;25;15;2017
TSL;No;No;UK;Construction & Engineering;455.0;77.0;694,891,333;117,221,788;232;127;2002
Arredamenti Goti;No;No;Italy;Construction & Engineering;447.7;76.3;2,153,567;393,224;15;14;1970
Gemco;Yes;No;Italy;Construction & Engineering;432.5;74.6;3,935,677;739,146;7;1;2015
Domum-Bau;No;No;Germany;Construction & Engineering;430.5;74.4;4,329,720;816,171;7;1;2017
Edil Panteghini;No;No;Italy;Construction & Engineering;428.4;74.2;3,402,603;643,986;10;7;2013
Cladspray Solutions;Yes;No;UK;Construction & Engineering;424.9;73.8;3,376,884;602,282;8;6;2013
Aconstruct;No;No;France;Construction & Engineering;411.7;72.3;66,946,804;13,082,033;38;15;2008
Infratech Bau;Yes;Yes;Germany;Construction & Engineering;391.0;70.0;64,998,000;13,237,000;76;62;2007
Tassikas Haustechnik;No;No;Germany;Construction & Engineering;383.0;69.0;2,494,782;516,493;37;10;2016
Manelli Impresa;Yes;Yes;Italy;Construction & Engineering;365.2;66.9;71,662,935;15,403,571;250;103;2008
Incipion;No;No;Germany;Construction & Engineering;355.2;65.7;4,496,545;987,712;25;4;2013
Voto Group;No;No;Italy;Construction & Engineering;351.5;65.3;3,553,071;786,895;14;7;1995
Nafz Holzhaus;No;No;Germany;Construction & Engineering;342.0;64.1;3,743,742;847,015;34;7;2016
Impeus;No;No;Germany;Construction & Engineering;340.0;63.9;2,200,000;500,000;30;5;2017
SVS;Yes;No;Italy;Construction & Engineering;331.9;62.9;18,244,497;4,224,104;12;3;2016
Bladeroom;No;No;UK;Construction & Engineering;326.1;62.1;93,900,600;20,631,582;81;51;2008
Xilia;No;No;Italy;Construction & Engineering;324.8;62.0;1,962,959;462,130;7;1;2017
Beccaceci;No;No;Italy;Construction & Engineering;312.9;60.4;9,386,804;2,273,238;26;20;1987
Gest Project;No;No;Italy;Construction & Engineering;307.6;59.7;8,220,868;2,016,803;10;10;2003
Conglomerati Bituminosi;Yes;Yes;Italy;Construction & Engineering;291.7;57.6;47,156,890;12,038,343;89;70;1975
Seingim Global Service;Yes;Yes;Italy;Construction & Engineering;290.7;57.5;20,511,812;5,249,961;228;76;1999
EdiliziAcrobatica;No;No;Italy;Construction & Engineering;289.3;57.3;82,906,301;21,293,936;889;267;1994
Fermeture Econ’Home;Yes;No;France;Construction & Engineering;287.8;57.1;3,690,376;951,604;30;10;2012
Martino;Yes;No;Italy;Construction & Engineering;287.7;57.1;11,454,560;2,954,247;31;17;2006
Pelizzari;Yes;No;Italy;Construction & Engineering;286.6;56.9;2,004,268;518,437;6;1;2014
Longo;No;No;Italy;Construction & Engineering;279.0;55.9;2,277,346;600,866;10;5;2015
WR57;No;No;Italy;Construction & Engineering;252.5;52.2;21,829,318;6,192,376;23;9;2011
Herold GaLaBau;No;No;Germany;Construction & Engineering;252.3;52.2;8,424,801;2,391,098;63;29;2005
Frigoclim Kälte-Klima;Yes;Yes;Germany;Construction & Engineering;252.2;52.2;6,613,457;1,877,530;25;12;2014
Archiplan;No;No;Italy;Construction & Engineering;250.4;51.9;9,866,000;2,816,000;14;10;1996
Déco;No;No;Italy;Construction & Engineering;246.8;51.4;20,151,100;5,809,813;17;7;2010
Schattenvielfalt;No;No;Germany;Construction & Engineering;245.6;51.2;2,261,892;654,559;13;1;2018
OdeGam;No;No;France;Construction & Engineering;245.4;51.2;1,597,509;462,486;17;5;2016
Lakógép;Yes;No;Hungary;Construction & Engineering;232.9;49.3;54,504,463;18,830,676;23;7;2011
Cogéclim Energies;Yes;Yes;France;Construction & Engineering;229.1;48.8;5,954,029;1,808,937;26;10;2015
Bluethink;No;No;Italy;Construction & Engineering;226.1;48.3;4,546,339;1,394,163;66;32;2009
Acyf;Yes;No;Spain;Construction & Engineering;224.0;48.0;14,250,042;4,398,116;42;20;2014
Gardeon;No;No;Slovakia;Construction & Engineering;217.6;47.0;6,448,696;2,030,706;30;20;2013
Dimaxbau;Yes;No;Germany;Construction & Engineering;210.6;45.9;3,100,000;998,000;20;9;2016
Panel Sandwich;Yes;No;Spain;Construction & Engineering;207.0;45.3;15,522,412;5,055,493;36;11;2009
ATI Project;No;No;Italy;Construction & Engineering;200.5;44.3;18,047,101;6,005,580;4;2;2017
IHB Ingenieurdienstleistungen;No;No;Germany;Construction & Engineering;197.9;43.9;11,578,000;3,886,000;74;43;2006
Maxfel;Yes;Yes;Italy;Construction & Engineering;191.7;42.9;3,711,641;1,272,623;24;13;1984
Hasu abbruch;No;No;Germany;Construction & Engineering;188.3;42.3;4,496,433;1,559,874;18;18;2005
Scuccato S.A.;No;No;Italy;Construction & Engineering;186.2;42.0;4,353,000;1,520,989;47;20;2012
Thomas Faißt Bad Sanitär Heizung;No;No;Germany;Construction & Engineering;183.9;41.6;2,681,354;944,543;19;6;2016
Wabra Tec GmbH;No;No;Germany;Construction & Engineering;181.4;41.2;1,819,862;646,801;13;5;2012
dMol;No;No;Spain;Construction & Engineering;180.1;41.0;7,817,354;2,790,926;117;50;2016
Zappe Heizung + Sanitär;No;No;Germany;Construction & Engineering;177.2;40.5;3,913,839;1,412,009;25;12;2017
Ingénierie Bois Noroy;No;No;France;Construction & Engineering;176.5;40.4;1,981,293;716,454;8;3;2013
R&K Ingenieure;Yes;No;Germany;Construction & Engineering;176.1;40.3;6,484,700;2,348,700;21;7;2016
WandNeu;No;No;Germany;Construction & Engineering;173.7;39.9;2,899,546;1,059,267;16;3;2017
Consorzio Stabile Agoraa;No;No;Italy;Construction & Engineering;172.9;39.7;21,553,374;7,897,982;8;7;2011
Highway Traffic Management;No;No;UK;Construction & Engineering;171.8;39.6;22,265,073;7,669,214;177;105;1988
Seriana Edilizia;No;No;Italy;Construction & Engineering;170.4;39.3;12,238,661;4,526,538;49;30;2013
Zimmerei Nordmann;Yes;No;Germany;Construction & Engineering;170.1;39.3;2,540,548;940,755;12;9;2009
Maxxi Engineering;No;No;Italy;Construction & Engineering;170.0;39.2;3,280,424;1,215,015;40;21;2012
Weiser Brandschutz & Technik;Yes;Yes;Germany;Construction & Engineering;167.7;38.9;7,044,858;2,631,422;56;5;2005
Consorzio ART.E.A. Alto Vicentino;No;No;Italy;Construction & Engineering;167.1;38.7;4,045,366;1,514,712;3;2;2003
A.C.G.;No;No;Italy;Construction & Engineering;166.5;38.7;54,976,344;20,625,318;151;118;2015
UrbanTP;No;No;France;Construction & Engineering;163.5;38.1;9,268,184;3,517,698;43;16;2014
ABAO Energy;Yes;Yes;Germany;Construction & Engineering;157.3;37.0;3,496,243;1,359,000;20;15;2016
SME France;No;No;France;Construction & Engineering;152.7;36.2;2,672,500;1,057,400;15;7;2013
Onbuy;Yes;No;UK;Ecommerce;3,402.3;227.2;12,535,527;335,092;108;10;2016
Returnista;No;No;The Netherlands;Ecommerce;2,980.4;213.5;3,296,000;107,000;28;7;2017
Stoov Heating Cushions;No;No;The Netherlands;Ecommerce;2,711.6;204.1;16,448,000;585,000;8;2;2014
Baroni;Yes;No;Italy;Ecommerce;2,473.6;195.2;3,892,754;151,258;1;1;2016
Matt Sleeps;Yes;No;The Netherlands;Ecommerce;2,425.7;193.4;17,091,005;676,673;6;8;2016
WLDOHO;No;No;Germany;Ecommerce;2,087.4;179.7;4,241,933;193,923;22;1;2018
Motorway;Yes;No;UK;Ecommerce;1,993.2;175.6;23,645,861;1,057,586;227;21;2017
KoRo;No;No;Germany;Ecommerce;1,909.3;171.9;61,525,228;3,062,056;248;25;2014
Love2Dogs;No;No;Czech Republic;Ecommerce;1,808.7;167.2;2,217,434;112,455;15;2;2017
BeGreat;Yes;No;Germany;Ecommerce;1,632.2;158.7;9,547,006;551,147;17;3;2012
Extra Mile Live Service;Yes;No;Germany;Ecommerce;1,426.6;148.1;4,077,195;267,085;5;3;2017
TeppichWorld.de MeBa Sales;No;No;Germany;Ecommerce;1,333.3;142.9;7,980,000;556,771;6;2;2017
Blochergroup;No;No;Germany;Ecommerce;1,218.1;136.2;2,699,038;204,771;4;1;2017
Winelivery;Yes;No;Italy;Ecommerce;1,189.2;134.5;8,931,000;692,778;15;1;2015
Ergotopia;Yes;No;Germany;Ecommerce;1,110.5;129.6;19,538,000;1,614,000;44;15;2014
Popsa;Yes;No;UK;Ecommerce;1,070.1;127.0;30,166,537;2,413,543;45;11;2016
Online-Phones 24;No;No;Germany;Ecommerce;1,061.9;126.5;12,663,861;1,089,973;12;1;2018
Econelo;No;No;Germany;Ecommerce;1,028.0;124.3;9,451,933;837,956;28;7;2017
Fenstermaxx24;Yes;No;Germany;Ecommerce;905.5;115.8;15,374,000;1,529,000;25;10;2016
earlybird coffee;No;No;Germany;Ecommerce;899.2;115.4;1,849,270;185,083;8;4;2015
Bizon;No;No;France;Ecommerce;893.7;115.0;7,689,021;773,799;45;15;2016
Treedom;Yes;No;Italy;Ecommerce;867.4;113.1;12,779,998;1,321,042;64;21;2010
Cybertec24;No;No;Germany;Ecommerce;816.4;109.3;4,473,814;488,213;3;1;2015
Everli;Yes;Yes;Italy;Ecommerce;724.3;102.0;114,502,088;13,890,311;280;83;2014
Emma - The Sleep Company;No;No;Germany;Ecommerce;701.7;100.1;645,448,847;80,508,151;553;43;2013
Vtrace;No;No;Germany;Ecommerce;678.3;98.2;29,117,892;3,741,296;19;12;2016
Ponera;Yes;No;France;Ecommerce;599.3;91.2;39,863,906;5,700,452;37;8;2013
Riluxa;Yes;No;Spain;Ecommerce;589.4;90.3;6,027,775;874,393;17;8;2016
Born Originals;No;No;Germany;Ecommerce;557.3;87.3;2,003,011;304,713;14;6;2014
Steamulation;No;No;Germany;Ecommerce;548.3;86.5;6,001,480;925,770;10;5;2015
Ideal Ceramiche di Giacomo La Russa;Yes;No;Italy;Ecommerce;538.6;85.5;5,582,345;874,220;12;5;1986
Sbamm;Yes;No;Italy;Ecommerce;520.0;83.7;3,685,444;594,400;7;3;2016
Lacertosus;No;No;Italy;Ecommerce;479.2;79.6;13,727,427;2,369,943;22;13;2010
Leogra Trading;Yes;No;Germany;Ecommerce;450.7;76.6;9,404,801;1,707,678;12;5;2014
Ikow (Mypoele.com);No;No;France;Ecommerce;444.3;75.9;3,516,067;645,991;7;4;2012
Kumulus Vape;No;No;France;Ecommerce;429.9;74.3;34,478,879;6,506,127;53;20;2012
FJ Trading;No;No;Germany;Ecommerce;417.3;73.0;42,075,676;8,132,978;26;20;2013
e-Pol;No;No;Italy;Ecommerce;396.3;70.6;30,362,735;6,118,064;13;7;2012
Espresso Coffee Shop;No;No;Italy;Ecommerce;371.1;67.6;6,654,815;1,412,665;5;1;2012
Fruugo.Com;Yes;Yes;UK;Ecommerce;361.2;66.5;36,551,320;7,420,112;150;45;2008
MSG Beauty;Yes;No;Germany;Ecommerce;354.8;65.7;3,825,000;841,000;9;8;2011
Sparklers Club;No;No;France;Ecommerce;351.9;65.3;2,342,400;518,400;10;2;2015
HD casa;No;No;Italy;Ecommerce;350.1;65.1;1,932,347;429,324;3;1;2018
IBO;No;No;Germany;Ecommerce;346.9;64.7;1,810,021;405,060;7;3;2017
kustom-kult.de;Yes;No;Germany;Ecommerce;340.6;63.9;6,747,645;1,531,497;19;4;2017
Poelediscount.com;No;No;France;Ecommerce;333.2;63.0;2,269,422;523,849;5;2;2010
Tikamoon;Yes;No;France;Ecommerce;327.6;62.3;77,342,498;18,087,160;135;40;2006
Drop;No;No;Italy;Ecommerce;322.2;61.6;24,001,286;5,684,754;31;20;2000
Beliani;No;No;Switzerland;Ecommerce;318.7;61.2;120,245,101;28,719,442;575;293;2009
Currentbody;Yes;No;UK;Ecommerce;313.3;60.5;46,445,487;10,520,070;87;33;2009
50 Factory;No;No;France;Ecommerce;310.9;60.2;20,056,158;4,880,472;71;20;2010
For Me Lab;Yes;No;France;Ecommerce;303.8;59.2;2,289,933;567,080;12;3;2016
Letterbox24.de;No;No;Germany;Ecommerce;301.3;58.9;2,495,520;621,844;7;3;2016
Fenyx Italia;No;No;Italy;Ecommerce;298.4;58.5;4,409,866;1,106,884;7;2;2015
Brandon Group;Yes;Yes;Italy;Ecommerce;290.8;57.5;36,843,342;9,428,761;49;24;2012
zahnriemen24;No;No;Germany;Ecommerce;286.0;56.9;3,493,466;904,935;19;12;2009
MySecretCase;No;No;Italy;Ecommerce;268.4;54.4;7,551,318;2,049,962;11;7;2013
Aleas Cosmetic;No;No;Italy;Ecommerce;261.9;53.5;1,681,182;464,597;5;2;2009
50NRTH;Yes;No;Germany;Ecommerce;260.3;53.3;48,694,869;13,513,404;67;20;2004
JK-Concepts.de;No;No;Germany;Ecommerce;257.1;52.9;11,696,042;3,275,241;1;1;2011
Memory PC;Yes;Yes;Germany;Ecommerce;254.0;52.4;73,436,507;20,742,258;110;35;2012
Marsapet;Yes;No;Germany;Ecommerce;249.9;51.8;5,049,000;1,443,000;41;12;2015
Sportstech;Yes;Yes;Germany;Ecommerce;248.3;51.6;125,353,666;35,988,618;279;137;2012
Certideal;No;No;France;Ecommerce;233.3;49.4;40,000,000;12,000,000;45;10;2015
Farmaè;No;No;Italy;Ecommerce;232.8;49.3;82,481,158;24,785,924;206;37;2014
Belong;No;No;France;Ecommerce;231.1;49.0;14,900,000;4,500,000;25;12;2012
Doofinder;Yes;No;Spain;Ecommerce;229.2;48.8;9,295,499;2,823,925;107;32;2012
batterium;No;No;Germany;Ecommerce;228.2;48.6;40,884,000;12,456,000;80;45;2010
Etracom;Yes;Yes;Italy;Ecommerce;228.1;48.6;18,216,483;5,551,560;9;5;2010
Ogrodosfera.pl;Yes;Yes;Poland;Ecommerce;222.0;47.7;17,823,148;5,917,600;28;15;2011
IGLM.Store;Yes;No;Italy;Ecommerce;218.2;47.1;11,775,816;3,700,846;12;2;2013
TrenDevice;No;No;Italy;Ecommerce;210.8;45.9;15,817,306;5,088,720;31;13;1999
Beststuff.Hu;No;No;Hungary;Ecommerce;210.0;45.8;1,790,855;664,442;12;2;2010
MPB Group;Yes;Yes;UK;Ecommerce;206.5;45.3;116,354,575;35,543,320;271;101;2008
KaMel;No;No;Germany;Ecommerce;203.2;44.7;2,426,705;800,352;9;6;2010
Cura Farma;Yes;No;Italy;Ecommerce;201.9;44.5;3,691,822;1,222,866;13;2;2014
Gartentraum.de;No;No;Germany;Ecommerce;201.8;44.5;2,095,544;694,344;11;3;2015
Spiegel21.de;Yes;Yes;Germany;Ecommerce;200.6;44.3;14,444,400;4,805,000;121;44;2013
Systemtreff;No;No;Germany;Ecommerce;199.1;44.1;20,434,728;6,831,009;42;28;2008
Sos Accessoire;Yes;No;France;Ecommerce;194.9;43.4;17,570,240;5,958,821;70;20;2007
Denqbar;No;No;Germany;Ecommerce;194.2;43.3;16,810,000;5,713,000;24;12;2004
Greendonkey;No;No;Germany;Ecommerce;193.0;43.1;11,417,000;3,896,000;30;15;2011
Giglio.com;Yes;No;Italy;Ecommerce;191.1;42.8;37,923,155;13,029,597;92;35;2007
Yocabè;Yes;Yes;Italy;Ecommerce;189.7;42.6;5,512,232;1,902,587;15;5;2016
StampaSi;Yes;No;Italy;Ecommerce;182.8;41.4;4,457,564;1,576,047;11;3;2016
pi3g;No;No;Germany;Ecommerce;182.3;41.3;2,454,235;869,442;6;1;2007
Resorti;No;No;Germany;Ecommerce;177.7;40.6;14,792,404;5,326,012;25;12;2009
Fahrradwelt international;No;No;Germany;Ecommerce;176.6;40.4;4,999,311;1,807,295;12;7;1996
Stufe a pellet italia;Yes;Yes;Italy;Ecommerce;175.0;40.1;5,760,863;2,095,219;17;7;2013
Poppri Fashion Auctions;Yes;Yes;Lithuania;Ecommerce;168.6;39.0;13,829,569;5,149,542;111;57;2012
JUNO Fashion;No;No;Germany;Ecommerce;168.2;38.9;2,985,990;1,113,163;8;4;2017
eu-bay Commerce;Yes;No;Germany;Ecommerce;164.0;38.2;8,810,500;3,337,766;35;15;2003
Meblobranie.Pl;Yes;Yes;Poland;Ecommerce;156.1;36.8;23,288,027;9,724,159;24;15;2011
Lehmanns Bio Service;No;No;Germany;Ecommerce;153.4;36.3;8,620,000;3,402,000;70;33;1995
Moonpig Group;Yes;No;UK;Ecommerce;153.3;36.3;362,057,662;133,824,579;481;345;2000
Boolean;No;No;Italy;Education & Social Services;3,526.6;231.0;3,689,048;101,723;17;1;2018
Bibliu;No;No;UK;Education & Social Services;2,891.0;210.4;8,285,289;259,335;69;44;2014
ergoflix;No;No;Germany;Education & Social Services;2,542.2;197.8;7,336,354;277,661;63;8;2017
Skriware;No;No;Poland;Education & Social Services;1,791.8;166.5;2,635,715;148,963;33;34;2015
Educ-Up;No;No;France;Education & Social Services;1,436.6;148.6;1,763,744;114,780;70;5;2016
Living Quarter;Yes;No;Germany;Education & Social Services;907.4;116.0;10,487,935;1,041,072;126;9;2015
AllgäuQuelle Naturprodukte;No;No;Germany;Education & Social Services;903.9;115.7;3,303,614;329,088;25;2;2017
AIHR;Yes;No;The Netherlands;Education & Social Services;861.6;112.6;6,303,372;655,511;48;3;2016
Aulab;No;No;Italy;Education & Social Services;725.6;102.1;1,624,765;196,788;27;3;2014
Cambridge Spark;No;No;UK;Education & Social Services;621.9;93.3;4,960,119;643,237;43;6;2016
bestbion dx;Yes;No;Germany;Education & Social Services;486.3;80.3;29,037,000;4,953,000;34;21;2011
Tutlo;Yes;No;Poland;Education & Social Services;443.1;75.8;11,574,220;2,278,793;147;41;2016
intumind;Yes;Yes;Germany;Education & Social Services;441.7;75.6;10,642,865;1,964,689;16;12;2015
Tutos’Me;Yes;No;France;Education & Social Services;412.2;72.4;9,842,000;1,921,593;48;12;2015
Vennture;No;No;UK;Education & Social Services;397.8;70.8;2,359,908;443,780;44;11;2013
Superprof;Yes;Yes;France;Education & Social Services;324.7;61.9;17,369,878;4,090,185;135;64;2013
Perspective;No;No;France;Education & Social Services;324.6;61.9;2,009,659;473,314;19;7;2013
therapiezentrum.com;Yes;No;Germany;Education & Social Services;268.2;54.4;4,735,000;1,286,000;105;35;2017
Fluentify;No;No;Italy;Education & Social Services;261.9;53.5;2,986,000;825,000;25;6;2014
Investmentpunk Academy;Yes;No;Austria;Education & Social Services;240.7;50.5;4,006,701;1,176,042;10;10;2016
Sa Formação;Yes;Yes;Portugal;Education & Social Services;233.0;49.3;5,170,521;1,552,835;61;33;2009
Blinklearning;No;No;Spain;Education & Social Services;211.1;46.0;10,533,090;3,386,239;78;62;2010
Hairmedic;Yes;No;Germany;Education & Social Services;182.3;41.3;5,252,000;1,860,561;38;10;2011
Dynamicom Education;Yes;No;Italy;Education & Social Services;178.9;40.8;12,682,674;4,546,703;24;7;2001
Time Vision;Yes;No;Italy;Education & Social Services;176.2;40.3;5,168,847;1,871,543;34;12;2012
osteocom.net;No;No;Italy;Education & Social Services;166.9;38.7;2,432,572;911,435;22;13;2009
Micro-Medical;No;No;Germany;Electrical Manufacturing;5,447.6;281.4;63,326,000;1,141,500;22;4;1984
Silla Industries;No;No;Italy;Electrical Manufacturing;1,658.5;160.0;2,410,496;137,073;25;2;2018
Lammertz-Elektrotechnik;No;No;Germany;Electrical Manufacturing;968.9;120.3;2,764,312;258,613;31;8;2018
Lumosa;No;No;Germany;Electrical Manufacturing;413.8;72.6;7,680,639;1,494,790;20;6;2007
Grenton Smart Home;No;No;Poland;Electrical Manufacturing;385.1;69.3;2,679,347;590,553;60;26;2010
Akku Vision;No;No;Germany;Electrical Manufacturing;380.8;68.8;10,167,270;2,114,773;20;4;2011
Fenecon;No;No;Germany;Electrical Manufacturing;295.0;58.1;24,770,163;6,271,324;75;31;2011
Versa Design;Yes;No;Spain;Electrical Manufacturing;279.1;55.9;11,620,161;3,065,185;92;27;2008
Smart Battery Solutions;Yes;No;Germany;Electrical Manufacturing;165.6;38.5;14,599,381;5,496,043;78;32;2010
Solid Personalservice;No;No;Germany;Employment Services;2,873.3;209.8;12,205,426;410,500;425;14;2014
Valumen;Yes;No;France;Employment Services;1,587.0;156.5;7,251,979;429,878;10;1;2014
Maïki;No;No;France;Employment Services;1,457.9;149.8;4,052,243;260,110;29;5;2017
Expertlead;No;No;Germany;Employment Services;994.2;122.0;16,611,414;1,518,146;89;17;2018
Portify;Yes;No;France;Employment Services;727.6;102.3;12,972,727;1,567,500;102;37;2017
Zen Educate;No;No;UK;Employment Services;689.6;99.1;9,482,083;1,124,272;92;22;2016
Kernel Global;No;No;UK;Employment Services;656.2;96.3;46,315,947;5,734,165;221;92;2018
Bruce;No;No;France;Employment Services;626.3;93.7;20,178,495;2,778,290;100;35;2016
Jobandtalent;Yes;Yes;Spain;Employment Services;617.7;92.9;979,481,750;136,473,820;2,515;300;2009
Soorce;Yes;Yes;Germany;Employment Services;446.3;76.1;29,776,000;5,450,000;50;19;2004
La Régie;No;No;France;Employment Services;351.2;65.2;14,153,295;3,136,504;172;78;2016
Talentful;No;No;UK;Employment Services;333.4;63.0;23,423,691;5,059,316;257;74;2015
Gallas Group;Yes;No;Italy;Employment Services;290.4;57.5;6,699,072;1,715,947;110;39;2012
MHC;No;No;Germany;Employment Services;248.1;51.5;7,216,574;2,073,332;10;2;2018
Intelletec;No;No;UK;Employment Services;223.0;47.8;1,693,574;490,864;7;4;2013
JR Service;No;No;Germany;Employment Services;208.9;45.6;6,853,600;2,218,400;115;58;2015
KBS Group;Yes;Yes;Germany;Employment Services;206.9;45.3;64,520,000;21,020,000;1,800;750;2011
Orama Solutions;No;No;UK;Employment Services;201.0;44.4;2,735,007;850,641;20;6;2015
Fawkes & Reece;No;No;UK;Employment Services;192.8;43.1;55,975,416;17,894,672;113;57;2001
comvaHRo;No;No;Germany;Employment Services;171.6;39.5;3,142,598;1,156,868;29;10;2016
Forsyth Barnes;No;No;UK;Employment Services;168.9;39.1;13,118,108;4,567,446;41;17;2016
Freelance.com;No;No;France;Employment Services;167.7;38.9;502,574,140;187,710,732;283;119;1991
Prium Group;No;No;France;Employment Services;166.9;38.7;36,735,908;13,765,056;818;314;2012
Active Energy Solutions;Yes;No;Greece;Energy & Utilities;2,781.6;206.6;38,568,257;1,338,415;2;1;2014
Enpal;Yes;No;Germany;Energy & Utilities;2,585.5;199.5;110,000,832;4,096,085;1,383;70;2017
Tate;No;No;Italy;Energy & Utilities;2,342.2;190.1;4,667,114;191,103;13;2;2017
Voltaïca;No;No;France;Energy & Utilities;2,015.5;176.6;7,905,513;373,695;10;2;2008
Main Solution;No;No;Italy;Energy & Utilities;1,836.7;168.5;33,311,395;1,720,000;45;7;2015
Feedgy;No;No;France;Energy & Utilities;1,200.1;135.1;3,273,488;251,784;20;9;2014
Columbus;No;No;Poland;Energy & Utilities;991.6;121.8;160,926,000;14,741,810;1,231;124;2014
Suncity;No;No;Italy;Energy & Utilities;928.2;117.5;14,405,908;1,401,054;16;12;2012
Capitole Energie;No;No;France;Energy & Utilities;920.7;116.9;2,244,500;219,897;11;3;2017
JL&P;Yes;No;France;Energy & Utilities;910.2;116.2;3,142,197;311,038;30;8;2017
Solar Fast;No;No;UK;Energy & Utilities;830.4;110.3;9,063,340;911,985;25;3;2006
O.T.E. Energia Rinnovabile;No;No;Italy;Energy & Utilities;819.0;109.5;3,618,322;393,703;5;3;2015
Arcadia Italia;Yes;No;Italy;Energy & Utilities;709.7;100.8;9,646,696;1,191,389;9;2;2015
Acteam Enr;Yes;No;France;Energy & Utilities;613.1;92.5;7,270,403;1,019,544;10;3;2012
BPower energia;No;No;Italy;Energy & Utilities;612.6;92.4;6,007,856;843,108;12;5;2011
CheTariffa.it;Yes;No;Italy;Energy & Utilities;574.8;89.0;2,472,232;366,362;11;2;2013
Italtekno;No;No;Italy;Energy & Utilities;567.0;88.2;1,575,332;236,179;8;3;2008
Enesco;No;No;Italy;Energy & Utilities;518.8;83.6;33,415,336;5,399,681;29;5;2013
save NRG;No;No;Italy;Energy & Utilities;499.5;81.7;5,518,832;920,607;15;3;2015
Enerfin;No;No;Italy;Energy & Utilities;493.1;81.0;47,787,720;8,057,230;9;7;2014
InfinityHub;No;No;Italy;Energy & Utilities;492.7;81.0;4,172,264;704,000;11;1;2016
Energetic Efficiency;Yes;No;Italy;Energy & Utilities;458.1;77.4;4,238,973;759,541;22;7;2010
Marriott Drilling;No;No;UK;Energy & Utilities;440.5;75.5;49,486,410;8,571,214;279;64;1991
Bunker Partner;Yes;Yes;Estonia;Energy & Utilities;425.7;73.9;187,748,339;35,716,252;6;2;2015
EcoTek;No;No;Italy;Energy & Utilities;414.4;72.6;14,224,148;2,764,942;12;6;2006
Grenergy;No;No;Spain;Energy & Utilities;375.5;68.2;220,154,000;46,300,000;227;81;2007
Polarium Energy Solutions;Yes;Yes;Sweden;Energy & Utilities;375.2;68.1;108,837,782;23,173,977;97;32;2014
Cye Energia;Yes;Yes;Spain;Energy & Utilities;332.1;62.9;56,222,835;13,012,988;18;6;2013
uBroker;Yes;No;Italy;Energy & Utilities;327.5;62.3;77,022,544;18,016,192;47;17;2014
Svea Solar;Yes;No;Sweden;Energy & Utilities;320.6;61.4;99,665,486;23,976,748;603;134;2013
Tresun;No;No;Italy;Energy & Utilities;306.8;59.6;2,274,306;559,083;50;10;2014
Aquaclim Service;No;No;France;Energy & Utilities;291.5;57.6;9,517,140;2,431,068;59;29;2009
Solsol;No;No;Czech Republic;Energy & Utilities;276.5;55.6;27,202,339;6,993,906;18;6;2012
DYM Resources;No;No;Germany;Energy & Utilities;276.1;55.5;54,178,527;14,406,881;8;6;2016
M.T. Energy;No;No;Italy;Energy & Utilities;258.0;53.0;10,249,000;2,863,169;190;60;2017
Westrafo;Yes;No;Italy;Energy & Utilities;248.6;51.6;26,237,644;7,526,977;77;22;2014
Libitec;No;No;Spain;Energy & Utilities;246.4;51.3;77,522,763;22,379,504;65;20;2005
L&B Partners;No;No;Italy;Energy & Utilities;245.8;51.2;19,793,305;5,724,173;2;3;2004
Eidf Solar;No;No;Spain;Energy & Utilities;216.4;46.8;41,644,162;13,163,853;83;34;2008
B1gas;Yes;Yes;Italy;Energy & Utilities;205.1;45.0;56,861,668;18,635,237;9;7;2010
Heron Energy;No;No;Greece;Energy & Utilities;201.8;44.5;1,047,867,000;347,223,000;205;139;2001
Atlas Innovative Engineering;Yes;No;Spain;Energy & Utilities;200.3;44.3;3,099,588;1,032,147;16;11;2014
Conforthermic;No;No;France;Energy & Utilities;193.2;43.1;6,236,799;2,127,363;35;15;1992
Polarstern;Yes;No;Germany;Energy & Utilities;192.1;43.0;44,843,000;15,350,000;50;26;2011
Green Team;No;No;Italy;Energy & Utilities;191.1;42.8;3,789,481;1,301,788;4;2;2016
Global Procurement Group;No;No;UK;Energy & Utilities;180.7;41.1;98,902,202;32,989,232;645;285;2014
Stockholms Elbolag;Yes;No;Sweden;Energy & Utilities;180.2;41.0;47,088,135;17,006,998;43;14;2015
Standard Fuel Oils;No;No;UK;Energy & Utilities;178.1;40.6;205,939,961;69,324,299;38;24;2011
GS Service;Yes;No;Italy;Energy & Utilities;175.0;40.1;2,852,927;1,037,575;18;12;2013
Bluewater Bio;Yes;No;UK;Energy & Utilities;171.7;39.5;11,687,952;4,027,060;18;19;2007
ADREX Photovoltaikanlagen;No;No;Germany;Energy & Utilities;169.6;39.2;8,557,401;3,174,548;33;26;2011
Gruppo PLT Energia;No;No;Italy;Energy & Utilities;163.2;38.1;110,304,659;41,901,492;114;79;2011
IM-EL Osasio;No;No;Italy;Energy & Utilities;157.8;37.1;6,039,242;2,342,621;19;15;1982
Opéra Energie;Yes;Yes;France;Energy & Utilities;153.7;36.4;12,867,155;5,072,536;108;58;2014
arshmallow;No;No;UK;Fintech, Financial Services & Insurance;43,771.2;659.8;94,346,611;201,333;220;8;2016
llimity Bank;No;No;Italy;Fintech, Financial Services & Insurance;9,251.2;353.9;271,184,000;2,900,000;725;138;2018
Aircash;No;No;Croatia;Fintech, Financial Services & Insurance;6,098.1;295.7;12,132,800;198,634;21;4;2015
Payray Bank;No;No;Lithuania;Fintech, Financial Services & Insurance;4,947.4;269.6;5,602,600;111,000;60;18;2018
Freemarket;No;No;UK;Fintech, Financial Services & Insurance;1,654.9;159.9;11,105,595;592,443;51;17;2016
Blue Whale Growth Fund;Yes;No;UK;Fintech, Financial Services & Insurance;1,436.8;148.6;10,457,958;637,067;10;5;2017
Pomelo;No;No;UK;Fintech, Financial Services & Insurance;1,418.3;147.6;3,762,981;232,031;34;3;2017
Opyn;Yes;No;Italy;Fintech, Financial Services & Insurance;1,396.2;146.4;17,224,689;1,151,198;36;14;2012
Martingale Risk;No;No;Italy;Fintech, Financial Services & Insurance;1,331.0;142.8;2,192,308;153,197;10;16;2009
Credimi;Yes;No;Italy;Fintech, Financial Services & Insurance;1,294.6;140.7;16,256,297;1,165,702;72;30;2015
Glenhawk;No;No;UK;Fintech, Financial Services & Insurance;1,063.4;126.6;11,145,074;896,840;33;6;2017
Smart;No;No;UK;Fintech, Financial Services & Insurance;867.8;113.1;34,356,588;3,323,585;622;201;2014
Moneybox;No;No;UK;Fintech, Financial Services & Insurance;824.3;109.9;12,076,680;1,223,183;300;33;2015
Frankfurter Vermögen;No;No;Germany;Fintech, Financial Services & Insurance;798.3;107.9;1,858,297;206,858;14;3;2017
Lixi Invest;No;No;Estonia;Fintech, Financial Services & Insurance;797.8;107.8;1,595,907;177,757;12;2;2018
PensionBee;No;No;UK;Fintech, Financial Services & Insurance;795.6;107.7;15,173,583;1,586,188;179;41;2014
OCI;Yes;No;UK;Fintech, Financial Services & Insurance;692.1;99.3;1,149,768,136;135,889,316;39;12;2012
Paysend;No;No;UK;Fintech, Financial Services & Insurance;604.1;91.7;66,902,044;9,436,103;436;170;2017
Lightyear;No;No;UK;Fintech, Financial Services & Insurance;586.9;90.1;2,540,181;346,222;32;15;2017
Simply;Yes;No;UK;Fintech, Financial Services & Insurance;558.1;87.4;40,496,581;5,761,176;110;62;2017
N26;No;No;Germany;Fintech, Financial Services & Insurance;535.8;85.3;120,375,000;18,932,000;1,500;700;2013
Credit Specialist;No;No;Italy;Fintech, Financial Services & Insurance;438.8;75.3;1,921,820;356,690;5;3;2015
Aventum;No;No;UK;Fintech, Financial Services & Insurance;437.0;75.1;55,277,150;9,636,314;235;94;2005
Bomae;Yes;No;Denmark;Fintech, Financial Services & Insurance;434.3;74.8;2,861,487;533,460;29;8;2016
Sun Finance;Yes;Yes;Latvia;Fintech, Financial Services & Insurance;429.6;74.3;193,129,401;36,465,439;941;227;2017
Ibanfirst;Yes;Yes;Belgium;Fintech, Financial Services & Insurance;414.8;72.7;20,195,204;3,922,758;254;84;2013
Modulr;Yes;No;UK;Fintech, Financial Services & Insurance;385.9;69.4;20,407,321;3,932,041;370;49;2015
Azzurro Associates;No;No;UK;Fintech, Financial Services & Insurance;381.9;68.9;28,622,784;5,560,589;40;13;2017
Thought Machine;No;No;UK;Fintech, Financial Services & Insurance;340.0;63.9;28,616,658;6,088,727;461;81;2017
Bumper;Yes;Yes;UK;Fintech, Financial Services & Insurance;339.9;63.8;7,072,412;1,505,296;60;28;2014
Aquis Exchange;Yes;Yes;UK;Fintech, Financial Services & Insurance;331.5;62.8;20,444,128;4,435,434;56;35;2012
Nethone;No;No;Poland;Fintech, Financial Services & Insurance;328.8;62.5;2,558,703;638,023;70;50;2016
TransferGo;No;No;UK;Fintech, Financial Services & Insurance;324.3;61.9;25,583,454;5,645,315;235;91;2012
Zest Payments;No;No;Spain;Fintech, Financial Services & Insurance;315.6;60.8;3,900,193;938,352;27;9;2014
Fortris;No;No;Spain;Fintech, Financial Services & Insurance;305.1;59.4;5,890,652;1,454,088;80;22;2017
Avamore Capital;Yes;No;UK;Fintech, Financial Services & Insurance;297.8;58.4;7,131,714;1,678,568;27;15;2015
Stenn;Yes;No;UK;Fintech, Financial Services & Insurance;292.9;57.8;49,053,377;12,398,673;100;49;2016
Aforti;No;No;Poland;Fintech, Financial Services & Insurance;288.0;57.1;483,695,438;133,272,511;136;229;2009
Payment Assist;Yes;Yes;UK;Fintech, Financial Services & Insurance;282.7;56.4;8,517,075;2,083,808;31;17;2013
Gohenry;Yes;Yes;UK;Fintech, Financial Services & Insurance;268.1;54.4;36,395,050;9,255,602;264;98;2011
Zen’Up;No;No;France;Fintech, Financial Services & Insurance;258.4;53.0;2,861,039;798,331;12;10;2014
Latitude Investment Management;Yes;No;UK;Fintech, Financial Services & Insurance;255.1;52.6;2,514,204;662,931;9;5;2016
Nwai Brokerage House;No;No;Poland;Fintech, Financial Services & Insurance;252.6;52.2;4,301,044;1,304,057;51;21;2007
Coeo;No;No;The Netherlands;Fintech, Financial Services & Insurance;244.1;51.0;9,701,996;2,819,492;110;39;2009
Id Finance;Yes;Yes;Spain;Fintech, Financial Services & Insurance;243.2;50.8;141,967,000;41,363,000;324;131;2015
WIT;No;No;Italy;Fintech, Financial Services & Insurance;240.2;50.4;2,313,571;680,138;9;5;2011
La Financière Responsable;No;No;France;Fintech, Financial Services & Insurance;229.4;48.8;6,987,901;2,121,167;10;9;2007
Epassi;Yes;No;Finland;Fintech, Financial Services & Insurance;224.9;48.1;289,129,750;88,990,171;134;33;2007
Landbay;Yes;Yes;UK;Fintech, Financial Services & Insurance;223.9;48.0;16,869,260;4,875,844;125;59;2013
Monese;Yes;No;UK;Fintech, Financial Services & Insurance;220.4;47.4;20,908,409;6,109,570;265;205;2013
La Financière d’Orion;No;No;France;Fintech, Financial Services & Insurance;219.1;47.2;23,912,872;7,493,941;32;18;2009
Real Asset Partners;No;No;UK;Fintech, Financial Services & Insurance;218.5;47.1;2,178,745;640,488;4;9;2013
Kredias;No;No;Italy;Fintech, Financial Services & Insurance;199.3;44.1;1,948,933;651,167;13;6;2017
Ashler & Manson;No;No;France;Fintech, Financial Services & Insurance;195.8;43.5;4,496,779;1,520,235;95;35;2011
Oaknorth Bank;No;Yes;UK;Fintech, Financial Services & Insurance;193.3;43.1;209,631,743;66,920,644;500;150;2015
Capital On Tap;Yes;Yes;UK;Fintech, Financial Services & Insurance;191.8;42.9;136,413,523;43,759,747;225;51;2012
Hellas Direct;Yes;Yes;Cyprus;Fintech, Financial Services & Insurance;191.6;42.9;36,742,495;12,601,835;92;52;2011
Camco;No;No;UK;Fintech, Financial Services & Insurance;191.3;42.8;4,244,396;1,364,127;31;12;2015
Modelio Equity;No;No;Sweden;Fintech, Financial Services & Insurance;189.0;42.4;3,844,533;1,345,905;7;2;2016
CrowdProperty;Yes;Yes;UK;Fintech, Financial Services & Insurance;186.0;41.9;4,518,294;1,478,950;45;18;2013
Qred;Yes;Yes;Sweden;Fintech, Financial Services & Insurance;180.3;41.0;38,696,359;13,971,485;101;26;2015
Astella Investmentcenter Oberlausitz;No;No;Germany;Fintech, Financial Services & Insurance;167.7;38.9;1,890,000;706,000;4;4;2012
Hodeva;No;No;France;Fintech, Financial Services & Insurance;167.7;38.8;2,206,226;824,214;9;6;2010
Improveasy;Yes;Yes;UK;Fintech, Financial Services & Insurance;165.8;38.5;37,725,827;13,286,361;60;20;2011
Var Capital;Yes;No;UK;Fintech, Financial Services & Insurance;160.8;37.7;3,383,918;1,214,662;21;13;2014
Herrero Brigantina;Yes;Yes;Spain;Fintech, Financial Services & Insurance;160.7;37.6;8,703,765;3,339,247;102;49;2012
blau direkt;No;No;Germany;Fintech, Financial Services & Insurance;155.1;36.6;120,862,166;47,386,460;105;89;2000
Ooni Pizza Ovens;No;No;UK;Food & Beverages;1,982.4;175.1;247,455,504;11,124,997;235;32;2012
Pinsalab;Yes;No;Italy;Food & Beverages;1,270.7;139.3;9,957,010;726,406;54;16;2015
Misfits Health;Yes;No;UK;Food & Beverages;1,095.1;128.6;7,568,791;592,896;23;5;2016
Bevcraft Group;Yes;No;Ireland;Food & Beverages;830.2;110.3;6,457,931;694,270;24;8;2016
Star Seafood;No;No;Norway;Food & Beverages;748.0;103.9;121,421,048;14,479,365;10;4;2018
Citrusmade;No;No;Italy;Food & Beverages;481.6;79.8;10,883,460;1,871,190;14;2;2017
Carranco;Yes;No;Spain;Food & Beverages;454.1;77.0;7,039,975;1,270,626;7;6;2006
Gustavo Gusto;Yes;Yes;Germany;Food & Beverages;374.9;68.1;72,866,000;15,344,000;405;95;2016
HelloFresh;No;No;Germany;Food & Beverages;368.5;67.3;5,993,400,000;1,279,200,000;16,413;4,610;2011
M.K. Trading;No;No;Italy;Food & Beverages;339.7;63.8;5,163,730;1,174,454;1;1;2013
Gusti d’Italia;No;No;Italy;Food & Beverages;329.2;62.5;6,316,008;1,471,560;2;2;2009
Ultra Premium Direct;No;No;France;Food & Beverages;268.7;54.5;30,598,188;8,298,056;112;33;2013
Mister Free’D;No;No;UK;Food & Beverages;241.1;50.5;4,084,357;1,120,977;5;1;2016
Serre;Yes;No;Italy;Food & Beverages;213.6;46.4;15,834,957;5,049,234;18;6;1996
Ankerkraut;Yes;Yes;Germany;Food & Beverages;210.5;45.9;39,132,500;12,604,578;210;52;2013
Blu;No;No;Italy;Food & Beverages;186.1;42.0;40,038,000;13,994,000;8;2;2018
SLB Schöner Leben in und um Berlin;No;No;Germany;Food & Beverages;185.7;41.9;3,995,369;1,398,454;135;90;2014
Mulan Group;No;No;Italy;Food & Beverages;183.7;41.6;9,036,282;3,184,802;32;11;2007
Zia Lucia;Yes;Yes;UK;Food & Beverages;181.1;41.1;6,798,157;2,264,289;43;29;2016
Japcook;No;No;France;Food & Beverages;177.0;40.4;21,412,779;7,730,136;12;6;2014
Cru Wine;Yes;Yes;UK;Food & Beverages;174.2;40.0;9,916,813;3,385,561;16;3;2013
Worldwide Fishing Company;Yes;Yes;Spain;Food & Beverages;163.8;38.2;216,211,702;81,971,574;41;23;2016
Matsmart-Motatos;Yes;Yes;Sweden;Food & Beverages;163.5;38.1;70,221,761;26,970,532;184;106;2014
Fattidigrano;No;No;Italy;Food & Beverages;162.9;38.0;4,254,970;1,618,643;11;3;2017
Reparo;No;No;Italy;Food & Beverages;154.8;36.6;23,767,269;9,326,621;4;2;1999
0;Panificio Battacone;No;No;Italy;Food & Beverages;152.7;36.2;4,148,431;1,641,643;27;14;2017
Huma;No;No;UK;Health Care & Life Sciences;3,474.7;229.4;6,209,592;162,629;277;83;2011
Bug Bite Thing Europe;Yes;No;Denmark;Health Care & Life Sciences;1,416.8;147.5;1,896,000;125,000;4;1;1994
Telemedi;Yes;No;Poland;Health Care & Life Sciences;1,060.8;126.4;5,074,971;467,461;9;1;2014
Vascular;Yes;No;Hungary;Health Care & Life Sciences;986.2;121.5;91,863,337;9,727,237;51;25;2007
Kerecis;No;No;Iceland;Health Care & Life Sciences;636.5;94.6;25,492,874;3,437,657;196;59;2016
Ouihelp;Yes;No;France;Health Care & Life Sciences;581.8;89.6;5,219,053;765,510;99;29;2016
Isoclean;No;No;Italy;Health Care & Life Sciences;560.7;87.6;7,493,866;1,134,291;355;79;2016
Consorzio Blu;No;No;Italy;Health Care & Life Sciences;495.8;81.3;57,803,933;9,702,670;106;71;2016
Emj;No;No;UK;Health Care & Life Sciences;274.8;55.3;11,898,050;2,972,061;78;28;2012
Gruppo Europeo di Ortodonzia;No;No;Italy;Health Care & Life Sciences;249.1;51.7;7,688,605;2,202,224;65;20;2013
Ames Centro Polidiagnostico Strumentale;Yes;Yes;Italy;Health Care & Life Sciences;217.4;47.0;46,017,686;14,499,748;108;73;1979
Archus;No;No;UK;Health Care & Life Sciences;208.9;45.6;10,642,781;3,225,933;73;22;2009
Physidia;Yes;Yes;France;Health Care & Life Sciences;205.6;45.1;22,045,126;7,213,854;59;39;2010
Era Esthetic;No;No;Lithuania;Health Care & Life Sciences;205.6;45.1;7,681,063;2,513,707;96;53;2008
Symprove;No;No;UK;Health Care & Life Sciences;181.3;41.2;15,741,914;5,239,767;48;22;2005
Iqoro;No;No;Sweden;Health Care & Life Sciences;167.3;38.8;2,121,554;803,165;17;5;2012
IHP;No;No;France;Health Care & Life Sciences;166.3;38.6;29,028,715;10,899,806;105;30;1986
Veradent Clinic;No;No;Italy;Health Care & Life Sciences;160.4;37.6;2,933,810;1,126,502;13;8;2016
Biomaxima;No;No;Poland;Health Care & Life Sciences;156.4;36.9;17,234,185;7,185,350;104;105;2002
Proseniors;No;No;France;Health Care & Life Sciences;154.3;36.5;31,071,523;12,219,000;1,265;434;2007
My Property Host;No;No;UK;Hospitality & Travel;2,210.8;184.8;3,887,810;157,509;17;1;2014
Salabam;No;No;Italy;Hospitality & Travel;2,046.6;177.9;4,914,429;228,944;15;7;2015
Tantosvago;No;No;Italy;Hospitality & Travel;1,070.7;127.1;14,128,494;1,206,866;18;5;2014
Lovat Parks;No;No;UK;Hospitality & Travel;875.9;113.7;30,065,310;2,884,182;145;35;2017
BizAway;Yes;Yes;Italy;Hospitality & Travel;510.2;82.7;8,107,586;1,328,676;34;7;2015
Bioburger;No;No;France;Hospitality & Travel;274.3;55.3;10,687,680;2,855,208;235;65;2012
Nocnoc;Yes;No;France;Hospitality & Travel;250.9;52.0;3,362,795;958,243;20;10;2016
ift & Go;No;No;UK;IT & Software;13,032.6;408.3;17,344,060;123,642;13;2;2017
Kahoot!;No;No;Norway;IT & Software;4,602.0;260.9;80,222,300;1,694,386;422;55;2011
DOTX (Senso);No;No;Italy;IT & Software;4,590.3;260.6;17,757,458;378,596;27;4;2015
Carvertical;No;No;Lithuania;IT & Software;3,306.3;224.2;17,639,219;517,843;70;5;2018
Digital Horizon;No;No;Germany;IT & Software;2,838.6;208.6;3,558,875;121,107;7;1;2018
Scolution;Yes;No;Germany;IT & Software;2,414.1;193.0;3,020,348;120,134;21;4;2015
Regit;No;No;Germany;IT & Software;2,407.6;192.7;5,515,497;219,954;15;3;2013
Making Science;Yes;Yes;Spain;IT & Software;2,342.5;190.1;110,445,174;4,521,872;781;150;2001
Xydus;No;No;UK;IT & Software;2,052.8;178.2;14,575,416;633,849;40;15;2012
Frameo;No;No;Denmark;IT & Software;2,036.9;177.5;2,939,339;137,022;14;3;2015
Babylon Cloud;No;No;Italy;IT & Software;2,036.5;177.5;2,305,239;107,899;32;7;2014
Ziflow;No;No;UK;IT & Software;1,980.3;175.0;4,301,971;193,598;62;18;2015
Visium;No;No;Switzerland;IT & Software;1,860.9;169.7;3,819,924;179,385;45;15;2018
Pysense;No;No;Poland;IT & Software;1,839.4;168.7;4,799,390;264,590;23;5;2017
Devōt;No;No;Croatia;IT & Software;1,573.8;155.8;2,608,312;158,128;13;7;2016
Appvia;No;No;UK;IT & Software;1,564.1;155.3;10,958,011;616,484;38;10;2018
Inspeerity;No;No;Poland;IT & Software;1,448.9;149.3;3,717,615;256,622;90;16;2018
Wave Studio;Yes;No;Romania;IT & Software;1,400.1;146.6;6,916,341;490,400;11;7;2014
Bitbag;No;No;Poland;IT & Software;1,306.2;141.4;1,992,067;151,460;60;7;2017
Samotics;No;No;The Netherlands;IT & Software;1,305.0;141.3;1,517,665;108,016;85;13;2015
RightNow;Yes;No;Germany;IT & Software;1,199.7;135.1;20,415,500;1,570,800;59;8;2017
Appinio;Yes;No;Germany;IT & Software;1,131.6;130.9;9,034,690;733,595;127;12;2014
Remarkable;Yes;No;Norway;IT & Software;1,125.6;130.6;266,922,432;22,022,679;229;58;2016
Taste;No;No;Italy;IT & Software;1,017.8;123.6;2,102,406;188,089;14;2;2016
iProov;Yes;No;UK;IT & Software;966.4;120.1;22,615,296;1,985,386;169;23;2011
Secustaff;No;No;Germany;IT & Software;929.8;117.6;4,740,755;460,349;22;2;2018
Halo Service Solutions;Yes;No;UK;IT & Software;901.7;115.6;23,837,204;2,227,840;85;13;1994
Escola;No;No;Poland;IT & Software;891.2;114.8;2,223,301;239,827;72;10;2017
Distributed;No;No;UK;IT & Software;836.0;110.7;4,765,085;476,628;71;3;2017
InstaDeep;No;No;UK;IT & Software;806.6;108.5;13,605,424;1,404,958;165;61;2015
Apify;No;No;Czech Republic;IT & Software;798.9;107.9;4,851,223;535,988;66;5;2017
Synerise;Yes;No;Poland;IT & Software;791.3;107.3;5,544,764;665,123;140;65;2013
B2Digit;Yes;No;France;IT & Software;776.4;106.2;4,345,614;495,834;30;4;2016
I’mprinting;No;No;Italy;IT & Software;768.2;105.5;11,580,776;1,333,839;19;2;2017
Abylon Consulting;Yes;No;Hungary;IT & Software;738.7;103.2;2,145,678;294,245;16;3;2016
Plentific;No;No;UK;IT & Software;730.6;102.5;6,061,294;683,178;223;35;2012
Oak Smart Technology;No;No;UK;IT & Software;730.5;102.5;27,954,468;3,151,212;11;5;2017
Rebeldot;No;No;Romania;IT & Software;725.8;102.1;4,945,106;636,936;160;35;2018
Solidatus;No;No;UK;IT & Software;725.6;102.1;4,835,453;548,301;85;21;2017
Contrader;Yes;Yes;Italy;IT & Software;719.5;101.6;10,854,129;1,324,451;57;13;2012
Soluxan;No;No;France;IT & Software;710.2;100.8;7,898,815;974,952;88;23;2017
Tech City Teams;No;No;UK;IT & Software;660.9;96.7;1,665,727;204,957;12;2;2007
Buutti Oy;No;No;Finland;IT & Software;657.5;96.4;5,946,000;785,000;59;12;2017
Edu Group;No;No;Italy;IT & Software;656.1;96.3;30,806,768;4,074,472;3;1;2017
Centralnic Group;Yes;No;UK;IT & Software;633.2;94.3;360,831,142;48,877,063;788;141;2003
RoomRaccoon;Yes;No;The Netherlands;IT & Software;611.2;92.3;3,058,000;430,000;62;14;2017
Applover;No;No;Poland;IT & Software;606.2;91.9;3,087,821;467,530;100;20;2016
Templafy;Yes;Yes;Denmark;IT & Software;582.5;89.7;24,626,223;3,583,439;365;100;2014
Systeme.Io;Yes;No;Ireland;IT & Software;576.8;89.2;3,678,840;543,560;60;20;2016
Digital Attitude;No;No;Italy;IT & Software;553.0;86.9;1,880,402;287,962;13;3;2017
Dac.Digital;No;No;Poland;IT & Software;530.2;84.7;2,217,328;376,201;69;17;2016
Leancode;No;No;Poland;IT & Software;528.3;84.5;1,632,498;277,810;50;15;2016
Elevate agency;No;No;France;IT & Software;519.8;83.7;3,410,721;550,323;60;5;2017
HeizOel24;No;No;Germany;IT & Software;516.4;83.4;13,003,004;2,109,550;15;10;2007
Innonation;No;No;Italy;IT & Software;508.2;82.5;1,828,298;300,590;8;3;2014
Zebra Bi;No;No;Slovenia;IT & Software;489.2;80.6;3,086,696;523,911;27;5;2014
Appwise;No;No;Belgium;IT & Software;475.9;79.2;6,444,387;1,118,977;66;15;2013
Spiideo;Yes;Yes;Sweden;IT & Software;474.7;79.1;5,675,994;999,405;37;13;2012
Oxehealth;No;No;UK;IT & Software;463.4;77.9;2,738,931;455,123;97;32;2012
Journi Print;Yes;No;Austria;IT & Software;460.8;77.7;7,780,506;1,387,460;28;16;2014
Hyntelo;No;No;Italy;IT & Software;460.4;77.6;6,399,432;1,142,014;34;3;2015
Luoto Company;Yes;No;Finland;IT & Software;454.7;77.0;19,497,446;3,514,905;65;18;2016
Xalient;Yes;No;UK;IT & Software;451.2;76.6;31,266,886;5,311,056;107;42;2015
Attest;Yes;No;UK;IT & Software;447.6;76.3;7,448,819;1,273,574;134;57;2015
Startup House;Yes;No;Poland;IT & Software;446.9;76.2;3,816,022;746,023;105;35;2016
Qapla;No;No;Italy;IT & Software;446.7;76.2;1,560,712;285,470;39;14;2015
Spyrosoft;Yes;Yes;Poland;IT & Software;444.2;75.9;37,792,122;7,425,627;874;204;2016
billwerk;No;No;Germany;IT & Software;442.4;75.7;3,368,174;620,925;65;15;2015
Matillion;No;No;UK;IT & Software;436.4;75.1;46,246,231;8,562,113;340;91;2011
ITP Nord;No;No;Germany;IT & Software;417.2;72.9;12,620,468;2,440,022;65;18;2014
ML6;No;No;Belgium;IT & Software;411.0;72.2;11,556,882;2,261,690;76;20;2013
LittleBig Connection;Yes;No;France;IT & Software;410.5;72.2;181,266,000;35,511,000;200;51;2013
Revolgy;No;No;Czech Republic;IT & Software;410.1;72.1;26,667,619;5,059,972;70;36;1996
FOD Mobility Group;Yes;Yes;UK;IT & Software;406.7;71.8;24,806,456;4,583,480;75;37;1992
Lukardi;No;No;Poland;IT & Software;399.4;70.9;4,372,066;936,031;10;2;2015
Appsilon;No;No;Poland;IT & Software;397.8;70.7;3,220,577;691,745;46;18;2013
Maen;No;No;Spain;IT & Software;387.7;69.6;2,959,862;606,842;10;6;2008
Unit8;Yes;No;Switzerland;IT & Software;382.4;69.0;11,481,485;2,191,784;61;5;2017
Tecma Solutions;Yes;Yes;Italy;IT & Software;382.2;68.9;9,948,096;2,063,180;148;36;2012
Photoaid;No;No;Poland;IT & Software;377.0;68.3;3,092,059;693,132;6;5;2012
Zoosh Digital;No;No;Ireland;IT & Software;370.7;67.6;4,260,000;905,000;47;29;2016
IT Centric;No;No;Italy;IT & Software;368.3;67.3;7,338,527;1,566,934;27;14;2014
Peak;No;No;UK;IT & Software;368.3;67.3;8,106,279;1,620,699;245;64;2014
Bridewell;No;No;UK;IT & Software;367.0;67.2;16,447,804;3,297,132;144;24;2017
Remober;No;No;France;IT & Software;362.7;66.6;4,925,939;1,064,508;21;6;2017
ScaleHub;No;No;Germany;IT & Software;362.0;66.5;4,167,000;902,000;25;15;2015
Vizion;Yes;Yes;UK;IT & Software;352.2;65.4;221,361,881;45,830,503;217;170;2008
Signaturit;Yes;Yes;Spain;IT & Software;347.8;64.8;7,932,435;1,771,328;94;53;2013
Studio Amica;No;No;Italy;IT & Software;346.7;64.7;2,712,163;607,089;20;8;1999
Virta Global;Yes;Yes;Finland;IT & Software;345.9;64.6;18,385,275;4,123,019;116;50;2013
Cloudica;No;No;Poland;IT & Software;342.8;64.2;1,548,719;373,979;19;12;2017
Hostinger;Yes;Yes;Lithuania;IT & Software;341.7;64.1;42,362,507;9,590,167;1,003;177;2011
Intent HQ;Yes;No;UK;IT & Software;334.2;63.1;9,228,946;1,989,730;77;26;2010
Rouvy;Yes;No;Czech Republic;IT & Software;330.5;62.7;5,075,285;1,141,259;56;16;2013
Business Insights;No;No;Spain;IT & Software;327.4;62.3;1,812,359;424,000;39;20;2017
ins-pi;No;No;Germany;IT & Software;325.7;62.1;2,645,700;621,435;18;3;2015
Intigriti;No;No;Belgium;IT & Software;323.9;61.8;3,767,734;888,867;68;8;2016
Singularity Digital Enterprise;No;No;Portugal;IT & Software;323.3;61.8;2,690,967;635,726;46;25;2016
Complyadvantage;No;No;UK;IT & Software;318.0;61.1;29,742,127;6,661,798;322;119;2014
ITDS;Yes;Yes;Poland;IT & Software;316.2;60.9;13,137,458;3,375,166;270;65;2015
Infrastructure Services;No;No;France;IT & Software;309.0;59.9;1,840,994;450,142;3;1;2015
Kryptovault;No;No;Norway;IT & Software;300.4;58.8;30,651,783;7,741,757;18;17;2017
VRMedia;No;No;Italy;IT & Software;298.6;58.6;1,819,183;456,366;27;9;2002
Mia;Yes;Yes;Italy;IT & Software;295.2;58.1;9,455,534;2,392,769;104;30;2016
Mews;Yes;Yes;The Netherlands;IT & Software;295.0;58.1;34,073,000;8,626,000;339;155;2012
Awesome Software;No;No;Germany;IT & Software;293.7;57.9;7,031,132;1,785,824;31;12;2015
Deepki;No;No;France;IT & Software;291.3;57.6;11,420,694;2,918,883;122;53;2014
Wakala;No;No;Italy;IT & Software;290.7;57.5;5,453,166;1,395,700;60;24;2014
Syntio;Yes;No;Croatia;IT & Software;290.1;57.4;3,463,462;900,932;52;10;2017
Invibes Advertising;Yes;No;Belgium;IT & Software;281.9;56.3;23,201,000;6,075,000;124;70;2011
negg;No;No;Italy;IT & Software;281.8;56.3;6,957,161;1,822,372;36;22;2013
Devensys Cybersecurity;Yes;No;France;IT & Software;278.7;55.9;4,824,550;1,274,100;33;13;2013
Sidea Group;Yes;Yes;Italy;IT & Software;276.4;55.6;4,773,286;1,268,068;86;14;2015
Web Geo Services;Yes;No;France;IT & Software;274.9;55.3;25,842,000;6,893,000;87;34;2009
Access Intelligence;No;No;UK;IT & Software;274.6;55.3;39,615,747;9,900,308;1,000;100;1999
Vm.Pl;No;No;Poland;IT & Software;271.8;54.9;5,037,323;1,448,718;122;44;2004
Middleway;No;No;France;IT & Software;263.6;53.8;5,715,873;1,572,233;46;20;2013
Symbiose Informatique;Yes;No;France;IT & Software;262.5;53.6;41,377,058;11,412,875;32;29;1991
Scompler;No;No;Germany;IT & Software;261.3;53.4;3,029,187;838,438;18;4;2014
Darktrace;No;No;UK;IT & Software;259.0;53.1;250,604,919;69,324,927;1,600;618;2013
Mailtrack;Yes;Yes;Spain;IT & Software;256.7;52.8;4,671,810;1,309,595;28;11;2013
Tecknuovo;Yes;No;UK;IT & Software;255.3;52.6;36,019,108;9,489,789;29;14;2015
L’Atelier;Yes;No;France;IT & Software;250.4;51.9;5,120,164;1,461,226;50;18;2016
Be-Cloud;Yes;No;France;IT & Software;245.4;51.2;18,693,892;5,411,763;67;35;2012
Epidemic Sound;No;No;Sweden;IT & Software;245.4;51.2;78,496,922;22,996,231;439;278;2009
Speechmatics;Yes;Yes;UK;IT & Software;240.5;50.4;11,342,008;3,118,537;113;50;2006
Degoo;Yes;No;Sweden;IT & Software;236.2;49.8;1,652,593;497,452;16;11;2012
Itfs;Yes;Yes;Poland;IT & Software;236.1;49.8;17,458,527;5,554,062;300;120;2012
Platform.SH;Yes;No;France;IT & Software;232.0;49.2;31,553,000;9,505,000;291;107;2010
Geva Group;No;No;Germany;IT & Software;230.4;48.9;7,939,974;2,403,059;47;22;2013
Openapi;No;No;Italy;IT & Software;230.4;48.9;4,421,132;1,338,152;14;12;2013
4K Analytics;No;No;Germany;IT & Software;225.2;48.2;3,804,951;1,170,146;35;15;2013
Cv Partner;No;No;Norway;IT & Software;224.8;48.1;2,409,576;750,136;17;7;2012
Monsieur Guiz;No;No;France;IT & Software;222.5;47.7;4,016,287;1,245,270;45;15;2013
Tremend;Yes;No;Romania;IT & Software;221.1;47.5;29,444,861;9,754,316;515;235;2005
The Software House;No;No;Poland;IT & Software;217.6;47.0;11,053,820;3,720,927;224;121;2012
Atheneum;Yes;Yes;Germany;IT & Software;216.4;46.8;50,507,675;15,960,805;135;71;2010
vitero;No;No;Germany;IT & Software;216.2;46.8;7,277,893;2,301,786;46;31;2004
Monogrid;No;No;Italy;IT & Software;213.5;46.4;2,411,918;769,442;19;2;2016
Opteamis;Yes;Yes;France;IT & Software;212.6;46.2;25,911,951;8,289,944;40;10;2005
Storpool;Yes;No;Bulgaria;IT & Software;211.2;46.0;4,220,715;1,356,458;32;22;2015
Northwave Intelligent Security Operations;No;Yes;The Netherlands;IT & Software;210.1;45.8;19,864,359;6,406,266;129;61;2006
Wikicasa;No;No;Italy;IT & Software;209.9;45.8;1,795,851;579,570;24;1;2014
Merixstudio;No;No;Poland;IT & Software;208.9;45.6;9,573,913;3,313,467;231;77;1999
Syskit;No;No;Croatia;IT & Software;203.8;44.8;3,042,391;1,016,284;49;42;2009
Hostersi;No;No;Poland;IT & Software;202.2;44.6;5,304,353;1,876,453;42;28;2007
Buildo;No;No;Italy;IT & Software;202.1;44.6;4,674,291;1,547,517;20;12;2013
ccelera;No;No;Italy;IT & Software;200.2;44.3;12,556,289;4,182,525;124;49;2017
Ideamotive;No;No;Poland;IT & Software;197.3;43.8;1,759,338;632,672;51;25;2014
AppUnite;Yes;Yes;Poland;IT & Software;197.0;43.7;6,204,108;2,233,203;139;71;2012
Virtuslab;Yes;Yes;Poland;IT & Software;196.0;43.6;16,763,388;6,054,178;297;128;2010
Imaginary Cloud;No;No;UK;IT & Software;193.3;43.1;3,087,700;1,052,809;73;22;2013
elderbrook solutions;No;No;Germany;IT & Software;190.8;42.7;18,058,063;6,210,462;34;18;2013
Wapsi;No;No;France;IT & Software;190.2;42.6;6,891,416;2,374,500;34;30;2014
Oxylabs;Yes;No;Lithuania;IT & Software;189.3;42.5;37,789,924;13,061,625;361;118;2015
Netguru;Yes;No;Poland;IT & Software;189.1;42.5;50,575,733;18,705,854;896;524;2008
Olympp;Yes;No;France;IT & Software;186.4;42.0;7,935,670;2,770,550;41;14;2016
Flazio.com;No;No;Italy;IT & Software;185.2;41.8;1,561,685;547,580;17;9;2012
Precognox;No;No;Hungary;IT & Software;179.9;40.9;1,702,517;699,508;34;27;2008
CyberIAM;Yes;No;UK;IT & Software;179.8;40.9;8,344,453;2,791,685;101;21;2017
Codete Global;No;No;Poland;IT & Software;179.7;40.9;11,829,986;4,521,690;212;111;2012
Nemesi Italia;Yes;No;Italy;IT & Software;177.7;40.6;1,666,584;600,129;5;1;1993
ZOL;No;No;France;IT & Software;174.1;39.9;4,200,953;1,532,862;53;21;2005
Kickmaker;No;No;France;IT & Software;171.0;39.4;16,919,690;6,242,928;140;38;2016
Propulse It;Yes;Yes;France;IT & Software;169.6;39.2;9,179,131;3,404,335;2;2;2014
ingage IR;No;No;UK;IT & Software;169.2;39.1;1,876,238;652,600;16;15;2013
84Codes.Com;Yes;Yes;Sweden;IT & Software;168.6;39.0;13,682,034;5,154,582;21;10;2012
allygatr;Yes;No;Germany;IT & Software;167.9;38.9;2,048,030;764,614;22;5;2012
Brainhub;Yes;Yes;Poland;IT & Software;165.3;38.4;4,049,256;1,631,780;89;41;2016
Benefind;Yes;No;Italy;IT & Software;164.9;38.4;2,541,306;959,293;50;22;2012
Telcoswitch Group;Yes;No;UK;IT & Software;162.6;38.0;11,670,413;4,160,889;50;30;2015
Enhancers;Yes;No;Italy;IT & Software;162.2;37.9;5,119,858;1,952,853;54;26;2011
Phase;No;No;Italy;IT & Software;159.1;37.3;2,373,270;915,993;23;8;2014
Visualitics;Yes;No;Italy;IT & Software;153.9;36.4;2,938,300;1,157,119;20;3;2016
Exclaimer;No;No;UK;IT & Software;153.1;36.3;36,932,737;13,658,593;184;79;2001
Indy;No;No;France;Legal & Accounting Services;2,357.4;190.7;4,304,346;175,159;158;11;2016
Aiic Group;No;No;UK;Legal & Accounting Services;403.9;71.4;84,893,521;15,772,908;569;211;2015
Flex Legal;Yes;No;UK;Legal & Accounting Services;188.4;42.3;7,973,933;2,588,547;26;8;2016
ripledot Studios;No;No;UK;Leisure & Entertainment;71,507.8;794.7;83,062,822;115,197;172;18;2016
nkitt;No;No;Germany;Leisure & Entertainment;8,141.5;335.2;11,978,636;144,343;82;19;2014
Sportit;No;No;Italy;Leisure & Entertainment;1,974.0;174.8;8,975,389;432,754;28;4;2016
Cubicle 7 Entertainment;No;No;Ireland;Leisure & Entertainment;791.1;107.3;2,380,383;267,138;14;7;2018
Reedsy;No;No;UK;Leisure & Entertainment;333.3;63.0;3,316,817;716,646;42;18;2014
Legimi;Yes;No;Poland;Leisure & Entertainment;325.5;62.0;10,464,011;2,629,649;20;7;2009
Wiseband;No;No;France;Leisure & Entertainment;213.5;46.4;2,478,907;790,811;12;7;2014
Freight2Fly;No;No;Germany;Logistics & Transportation;4,909.7;268.6;5,259,213;104,980;9;1;2018
United Shipping Hungaria;No;No;Hungary;Logistics & Transportation;1,832.9;168.4;18,744,257;969,746;24;3;2008
Paack;No;No;Spain;Logistics & Transportation;1,580.9;156.2;88,422,305;5,260,539;533;44;2015
Skladon;Yes;No;Czech Republic;Logistics & Transportation;1,416.2;147.5;4,900,940;312,885;65;15;2015
Airmc International;No;No;Germany;Logistics & Transportation;1,342.4;143.4;25,253,495;1,750,815;16;7;2004
Dodo;No;No;Czech Republic;Logistics & Transportation;985.4;121.4;25,185,101;2,246,070;105;20;2016
Zenfulfillment;No;No;Germany;Logistics & Transportation;955.3;119.3;13,645,000;1,293,000;19;7;2017
Wiechert Logistic;No;No;Germany;Logistics & Transportation;754.0;104.4;16,352,611;1,914,924;5;3;2012
SwipBox;Yes;No;Denmark;Logistics & Transportation;724.6;102.0;31,338,239;3,785,763;42;9;2014
Door To Deck Global Marine Logistics;No;No;Cyprus;Logistics & Transportation;714.9;101.2;4,486,409;550,562;20;3;2017
Instafreight;No;No;Germany;Logistics & Transportation;651.6;95.9;58,432,672;7,774,900;198;70;2016
Marfreight;No;No;Italy;Logistics & Transportation;495.0;81.2;15,452,435;2,597,020;11;3;2014
Eushipments.Com;No;No;Bulgaria;Logistics & Transportation;486.9;80.4;3,975,807;677,462;37;22;2012
Belships;No;No;Norway;Logistics & Transportation;433.8;74.8;571,945,049;106,413,741;154;130;1935
Brio Group;No;No;Italy;Logistics & Transportation;403.0;71.3;34,423,659;6,843,731;604;15;2006
Parcel Compare;Yes;No;UK;Logistics & Transportation;382.6;69.0;12,566,029;2,437,541;16;12;1998
Logipal24;Yes;Yes;Germany;Logistics & Transportation;360.2;66.3;6,909,103;1,501,414;80;27;2010
Edge Worldwide Logistics;No;No;UK;Logistics & Transportation;359.5;66.3;317,097,310;64,603,284;115;55;1990
Wehner Logistics;No;No;Germany;Logistics & Transportation;309.9;60.0;6,636,258;1,618,979;60;10;2008
Tower Cold Chain;No;No;UK;Logistics & Transportation;303.6;59.2;10,746,359;2,493,017;53;18;2012
Global Cargo Service;No;No;Germany;Logistics & Transportation;290.1;57.4;6,939,193;1,778,669;11;4;2015
HCL-Logistics;Yes;No;Germany;Logistics & Transportation;268.5;54.5;14,085,671;3,822,080;30;10;2017
Radovanovic - Express & Logistik;No;No;Germany;Logistics & Transportation;231.8;49.2;2,097,263;632,032;8;8;1991
Team Work;No;No;Italy;Logistics & Transportation;223.2;47.8;34,140,215;10,563,622;1,004;339;2015
Italy Car Rent;No;No;Italy;Logistics & Transportation;216.8;46.9;15,279,063;4,822,692;77;28;2010
Dream Sped Trans;No;No;Hungary;Logistics & Transportation;213.1;46.3;3,380,725;1,241,863;28;10;2004
Allways Logistics System;Yes;Yes;Italy;Logistics & Transportation;210.9;45.9;13,026,343;4,190,382;165;50;2012
Mint Italia;Yes;No;Italy;Logistics & Transportation;207.0;45.3;4,127,314;1,344,428;8;4;2015
Tservice;No;No;Italy;Logistics & Transportation;206.5;45.3;51,458,710;16,790,079;684;160;2008
Cargo Europe Department;No;No;Italy;Logistics & Transportation;204.1;44.9;6,838,252;2,248,669;6;9;2015
DW Trans;Yes;Yes;France;Logistics & Transportation;201.5;44.5;13,643,596;4,525,186;100;40;2012
Globkurier;No;No;Poland;Logistics & Transportation;200.4;44.3;6,790,738;2,416,802;29;18;2010
ITS International Transport Solution;No;No;Italy;Logistics & Transportation;198.1;43.9;15,964,656;5,356,348;12;4;2009
Sticker Transporte;No;No;Germany;Logistics & Transportation;196.5;43.7;11,397,883;3,844,688;120;65;2012
LMM Logistics;Yes;Yes;Italy;Logistics & Transportation;193.8;43.2;19,116,061;6,505,420;999;330;2015
Neolys;No;No;France;Logistics & Transportation;189.4;42.5;5,908,154;2,041,727;25;15;2007
Consense;No;No;Germany;Logistics & Transportation;188.9;42.4;11,945,000;4,135,000;22;16;2010
Freedom in Sales;No;No;Italy;Logistics & Transportation;181.9;41.3;12,699,189;4,505,149;4;6;2012
TMA Express;No;No;France;Logistics & Transportation;177.3;40.5;5,156,023;1,859,334;80;40;2013
Mapcargo Global Logistics;No;No;UK;Logistics & Transportation;175.4;40.2;86,305,781;29,342,043;90;75;1995
GTProject;No;No;Italy;Logistics & Transportation;170.0;39.2;13,616,963;5,044,029;70;22;2014
MM Operations;No;No;Italy;Logistics & Transportation;169.7;39.2;49,805,308;18,467,424;886;402;2015
La Rosa dei Venti;No;No;Italy;Logistics & Transportation;169.3;39.1;6,155,780;2,286,271;236;103;2012
Mission Mittelstand;No;No;Germany;Management Consulting;5,301.1;278.0;15,182,401;281,098;82;3;2014
Advantes Technologies;No;No;Lithuania;Management Consulting;1,428.2;148.2;2,116,655;138,510;16;4;2018
B.Conseil;No;No;France;Management Consulting;947.3;118.8;2,089,581;199,514;18;3;2017
NexumStp;Yes;Yes;Italy;Management Consulting;853.0;112.0;42,408,834;4,450,000;538;204;2015
Fredward;No;No;UK;Management Consulting;645.2;95.3;4,057,118;509,707;12;2;2016
Alirity;No;No;UK;Management Consulting;526.8;84.4;4,153,609;620,440;14;1;2016
Pro Tempore;No;No;Sweden;Management Consulting;393.9;70.3;11,054,783;2,264,628;35;9;2018
Sipadan;Yes;No;Spain;Management Consulting;349.5;65.0;4,312,711;959,522;46;31;2007
The Information Lab Italia;Yes;No;Italy;Management Consulting;323.3;61.8;6,479,632;1,530,866;43;9;2015
Grayce;Yes;No;UK;Management Consulting;322.5;61.7;36,918,449;8,180,112;615;150;2012
Logos Italia;No;No;Italy;Management Consulting;300.7;58.8;3,150,000;786,102;30;12;2015
Mentors & Partners Group;Yes;No;Hungary;Management Consulting;287.5;57.1;2,169,295;643,844;3;3;2010
Allcore;No;No;Italy;Management Consulting;279.4;56.0;26,306,432;6,934,282;71;9;2016
Studio Temporary Manager;No;No;Italy;Management Consulting;249.3;51.7;4,734,679;1,355,565;4;2;2012
LC&Partners;No;No;Italy;Management Consulting;243.9;50.9;5,055,652;1,470,283;19;12;2005
CMSPI;No;No;UK;Management Consulting;236.5;49.9;33,387,444;9,852,582;107;42;2011
Promotergroup;No;No;Italy;Management Consulting;226.1;48.3;2,099,689;643,878;31;9;2014
Catalyx;Yes;Yes;Switzerland;Management Consulting;223.9;48.0;7,491,969;2,129,945;50;25;2013
SP architecte;Yes;No;France;Management Consulting;206.2;45.2;3,412,221;1,114,414;18;9;2009
Join Business Management Consulting;Yes;Yes;Italy;Management Consulting;198.7;44.0;11,446,306;3,831,762;60;34;2013
Atelier Gambetta;No;No;France;Management Consulting;195.6;43.5;2,059,661;696,860;21;7;2015
Arpe Group;No;No;Italy;Management Consulting;177.4;40.5;3,677,342;1,325,809;9;8;2008
Blue Ocean Finance;No;No;Italy;Management Consulting;175.3;40.2;1,550,000;563,000;12;6;2018
grandega;No;No;Germany;Management Consulting;170.9;39.4;6,192,378;2,286,189;45;12;2016
Inventya;No;No;UK;Management Consulting;169.3;39.1;3,040,919;1,057,082;42;17;2010
FiloBlu;Yes;Yes;Italy;Management Consulting;165.2;38.4;75,059,097;28,298,000;195;134;2009
Nrse Workplace Management;Yes;No;Sweden;Management Consulting;161.7;37.8;4,090,020;1,581,234;85;38;2014
BV Bestseller Verlag;No;No;Germany;Management Consulting;158.3;37.2;19,003,996;7,356,003;35;35;2013
Auxiell;No;No;Italy;Management Consulting;155.0;36.6;7,970,410;3,125,789;46;21;2005
ASUC;No;No;Germany;Management Consulting;154.6;36.5;7,089,931;2,784,827;51;27;2009
eCo;No;No;Italy;Manufacturing;15,048.1;433.1;61,882,913;408,518;12;2;2015
Crafting Future;No;No;Germany;Manufacturing;3,247.0;222.3;3,916,000;117,000;12;3;2017
Fractory;No;No;Estonia;Manufacturing;2,861.1;209.4;6,538,625;220,818;61;9;2017
MarDruk Opakowania;Yes;No;Poland;Manufacturing;2,279.3;187.6;5,672,088;254,891;78;11;2015
Fermentalg;No;No;France;Manufacturing;2,195.5;184.2;5,647,000;246,000;62;59;2009
Roadlink;No;No;Italy;Manufacturing;1,615.0;157.9;3,783,831;220,637;3;3;2018
Ironcut;No;No;Italy;Manufacturing;1,315.4;141.9;3,386,785;239,274;16;1;2018
Moasure;No;No;UK;Manufacturing;983.5;121.3;4,796,936;414,467;22;5;2014
Carlini Signal;No;No;Italy;Manufacturing;754.5;104.4;3,919,863;458,735;18;3;1979
Vuba;No;No;UK;Manufacturing;541.8;85.8;11,407,489;1,664,110;35;6;2010
Plásticos Dão;Yes;No;Portugal;Manufacturing;521.6;83.9;2,911,905;468,483;18;7;2012
sunextrusion;No;No;Germany;Manufacturing;489.3;80.6;12,701,382;2,155,498;40;17;2017
Schmidt Überdachungen;No;No;Germany;Manufacturing;410.7;72.2;7,313,000;1,432,000;33;5;2013
PURIZE Filters;No;No;Germany;Manufacturing;409.4;72.1;8,353,642;1,640,002;45;18;2017
Fundis;Yes;No;Germany;Manufacturing;352.1;65.3;13,033,000;2,883,000;61;2;2009
Zmt Hungary;No;No;Hungary;Manufacturing;309.4;60.0;3,924,121;1,102,555;99;32;2011
AEGL;No;No;France;Manufacturing;299.3;58.6;1,609,760;403,176;12;5;2017
Falcor;Yes;No;Italy;Manufacturing;238.4;50.1;4,643,251;1,372,279;9;2;2017
Revesperfil;No;No;Portugal;Manufacturing;233.1;49.3;6,755,712;2,028,321;23;10;2006
Lazzari Macchine Utensili;No;No;Italy;Manufacturing;232.5;49.3;2,747,658;826,261;10;1;2017
Reiss Haustechnik;No;No;Germany;Manufacturing;229.1;48.8;2,032,774;617,589;11;4;2018
Zara Imballaggi;Yes;Yes;Italy;Manufacturing;225.1;48.1;4,244,968;1,305,569;6;4;1984
Next Turbo Technologies;Yes;Yes;Italy;Manufacturing;214.8;46.6;10,928,776;3,472,170;25;9;2014
Serpe;No;No;France;Manufacturing;203.1;44.7;51,975,383;17,145,419;779;188;1988
Inbrooll;Yes;No;Spain;Manufacturing;190.1;42.6;3,498,382;1,206,046;18;10;2013
Sitem;No;No;Italy;Manufacturing;182.9;41.4;7,414,556;2,621,102;49;15;2013
3Dprintuk;No;No;UK;Manufacturing;171.6;39.5;3,814,119;1,314,598;14;9;2011
Elvan;No;No;Greece;Manufacturing;169.6;39.2;16,573,246;6,146,340;40;31;1975
BIO-UV Group;Yes;No;France;Manufacturing;169.5;39.2;33,462,000;12,415,000;114;64;2000
Qeridoo;No;No;Germany;Manufacturing;169.2;39.1;21,773,000;8,087,000;45;20;2006
SI Silicone Innovation;Yes;Yes;Germany;Manufacturing;163.1;38.1;4,558,705;1,732,562;41;29;2015
Time;No;No;Italy;Manufacturing;157.4;37.0;3,782,451;1,469,710;19;6;1979
Otto Life Science Engineering;No;No;Germany;Mechanical & Plant Engineering;623.8;93.4;81,160,963;11,213,039;90;56;2017
Gpainnova;Yes;Yes;Spain;Mechanical & Plant Engineering;419.0;73.1;21,992,383;4,237,784;139;27;2013
Samont;Yes;Yes;Germany;Mechanical & Plant Engineering;365.9;67.0;30,556,545;6,558,542;121;86;2001
Exoes;No;No;France;Mechanical & Plant Engineering;365.4;67.0;3,122,449;670,965;23;9;2009
Eco CO2;Yes;Yes;France;Mechanical & Plant Engineering;358.8;66.2;14,750,674;3,215,337;109;30;2009
IMeBIO;No;No;France;Mechanical & Plant Engineering;351.3;65.3;4,282,324;948,887;10;6;2008
IB/E optics;No;No;Germany;Mechanical & Plant Engineering;348.6;64.9;12,877,441;2,870,451;50;25;1992
INperfektion;No;No;Germany;Mechanical & Plant Engineering;263.7;53.8;5,401,000;1,485,000;44;15;2017
Nord Est Elevatori;No;No;Italy;Mechanical & Plant Engineering;225.1;48.1;7,685,998;2,363,978;16;13;2010
Pasqualone;No;No;Italy;Mechanical & Plant Engineering;221.2;47.5;3,901,298;1,214,780;13;9;2010
Mabri Vision;No;No;Germany;Mechanical & Plant Engineering;212.4;46.2;3,398,438;1,087,707;32;13;2013
Lunos Slovenija;Yes;No;Slovenia;Mechanical & Plant Engineering;211.8;46.1;8,211,238;2,633,751;17;11;2010
Solutel;No;No;France;Mechanical & Plant Engineering;198.3;44.0;3,262,807;1,093,730;30;13;2004
Tecnomacchine;No;No;Italy;Mechanical & Plant Engineering;167.5;38.8;9,177,177;3,430,613;11;8;2014
Sirive;Yes;No;Italy;Mechanical & Plant Engineering;155.6;36.7;8,379,884;3,278,528;6;2;2017
G-ON;Yes;No;France;Mechanical & Plant Engineering;155.3;36.7;2,620,504;1,026,584;25;12;2016
OnlyFans;Yes;No;UK;Media & Telecommunications;7,165.1;317.3;804,825,638;10,371,185;970;4;2016
Creation Live;No;No;UK;Media & Telecommunications;1,182.6;134.1;7,550,870;551,175;20;2;2017
PPC;No;No;Germany;Media & Telecommunications;763.5;105.2;31,152,613;3,607,611;89;74;2000
Agile Content;No;No;Spain;Media & Telecommunications;522.9;84.0;54,945,041;8,820,151;256;119;2007
Samy Alliance;Yes;Yes;Spain;Media & Telecommunications;419.5;73.2;34,158,130;6,575,600;285;31;2012
3J;No;No;Italy;Media & Telecommunications;387.3;69.5;2,983,226;612,153;72;25;2017
Mubi;Yes;No;UK;Media & Telecommunications;349.0;65.0;35,737,532;7,904,094;161;34;2007
Huddly;No;No;Norway;Media & Telecommunications;338.0;63.6;33,613,048;7,760,722;103;51;2014
Master Group;No;No;Italy;Media & Telecommunications;268.8;54.5;10,699,051;2,900,971;43;12;2015
VoipVoice;No;No;Italy;Media & Telecommunications;263.3;53.7;7,924,052;2,180,985;29;17;2006
Woodrow;No;No;UK;Media & Telecommunications;244.0;51.0;1,842,062;501,253;20;3;2018
Contents;No;No;Italy;Media & Telecommunications;234.5;49.6;2,111,460;631,139;34;9;2016
Equativ;No;No;France;Media & Telecommunications;223.8;47.9;85,337,000;26,351,486;406;188;2005
Unidata;No;No;Italy;Media & Telecommunications;220.6;47.5;37,001,539;11,541,525;90;66;1985
Heloo;No;No;Croatia;Media & Telecommunications;219.5;47.3;12,087,854;3,782,830;215;25;2011
Conexio Télécom;Yes;No;France;Media & Telecommunications;215.5;46.7;2,943,546;932,879;11;3;2017
greendevice business;No;No;Germany;Media & Telecommunications;181.5;41.2;2,614,342;928,731;37;18;2016
Mobex;No;No;Germany;Media & Telecommunications;155.9;36.8;21,022,325;8,215,275;70;46;2000
Dante Labs;No;No;Italy;Pharmaceuticals & Cosmetics;4,204.5;250.5;52,110,421;1,210,604;133;9;2016
Itaste Holding;No;No;Italy;Pharmaceuticals & Cosmetics;2,263.3;187.0;9,344,526;395,409;10;3;2017
NG Biotech;No;No;France;Pharmaceuticals & Cosmetics;1,949.0;173.6;41,676,000;2,034,000;168;20;2012
Meds;No;No;Sweden;Pharmaceuticals & Cosmetics;1,889.6;171.0;45,754,492;2,327,023;129;23;2018
Esserre Pharma;Yes;No;Italy;Pharmaceuticals & Cosmetics;662.6;96.8;3,963,919;519,760;11;3;2013
Diatek;No;No;Italy;Pharmaceuticals & Cosmetics;641.3;95.0;15,225,545;2,053,846;7;5;1987
Sweetcare.Com;No;No;Portugal;Pharmaceuticals & Cosmetics;498.0;81.5;11,900,000;1,990,000;30;9;2006
T-Tex;No;No;Italy;Pharmaceuticals & Cosmetics;390.7;69.9;15,409,506;3,140,614;12;12;1981
4K;No;No;Italy;Pharmaceuticals & Cosmetics;349.9;65.1;3,415,189;759,132;45;5;2016
Theras Biocare;Yes;Yes;Italy;Pharmaceuticals & Cosmetics;303.4;59.2;32,140,708;7,966,835;11;3;2013
Present More;No;No;Italy;Pharmaceuticals & Cosmetics;268.6;54.5;10,694,019;2,901,491;10;7;2003
Vitamail;No;No;Norway;Pharmaceuticals & Cosmetics;189.4;42.5;10,614,085;3,709,018;50;17;2009
Abacus Medicine Group;No;No;Denmark;Pharmaceuticals & Cosmetics;183.1;41.5;940,740,000;332,347,000;1,052;449;2004
Innova HTS;Yes;No;Italy;Pharmaceuticals & Cosmetics;182.6;41.4;13,731,284;4,858,099;22;13;2014
ilverstream Technologies;No;No;UK;Professional, Scientific & Technical Services;14,488.7;426.4;17,259,314;118,306;48;8;2010
Join Talent;No;No;UK;Professional, Scientific & Technical Services;6,389.9;301.9;8,053,778;116,179;182;3;2018
Arbolus;No;No;UK;Professional, Scientific & Technical Services;4,025.9;245.5;4,840,758;109,841;79;3;2017
Prosapient;No;No;UK;Professional, Scientific & Technical Services;1,431.0;148.3;23,734,856;1,451,375;183;25;2017
TRISCARI Gebäudereinigung;No;No;Germany;Professional, Scientific & Technical Services;967.6;120.2;2,483,144;232,601;76;26;2016
Ulrich Müller Wealth Academy;Yes;No;Germany;Professional, Scientific & Technical Services;957.0;119.5;5,201,925;492,156;9;3;2014
Bold Security Group;Yes;No;UK;Professional, Scientific & Technical Services;952.1;119.1;23,319,609;2,075,030;161;31;2011
Comservice;Yes;No;Italy;Professional, Scientific & Technical Services;706.5;100.5;2,791,709;346,152;122;25;2014
One Lease;No;No;France;Professional, Scientific & Technical Services;693.9;99.5;14,267,684;1,797,159;18;8;2016
Dialectica;Yes;Yes;UK;Professional, Scientific & Technical Services;682.0;98.5;41,215,307;4,934,559;508;82;2015
Cloudrock Partners;No;No;UK;Professional, Scientific & Technical Services;622.0;93.3;8,659,477;1,122,914;85;12;2017
Baltic Edelmetalle;No;No;Germany;Professional, Scientific & Technical Services;572.7;88.8;4,059,772;603,478;1;na;2017
ICPF;No;No;France;Professional, Scientific & Technical Services;549.5;86.6;4,450,377;685,155;40;15;1995
Vismederi;No;No;Italy;Professional, Scientific & Technical Services;447.2;76.2;14,439,095;2,638,925;79;31;2009
Insuvia;No;No;Lithuania;Professional, Scientific & Technical Services;423.4;73.6;1,558,351;297,744;35;7;2014
Prometeo;Yes;No;Italy;Professional, Scientific & Technical Services;420.8;73.3;6,425,951;1,233,862;11;7;2006
Kubrick;Yes;Yes;UK;Professional, Scientific & Technical Services;420.4;73.3;59,440,805;10,692,640;898;169;2016
PJM Investment Akademie;No;No;Germany;Professional, Scientific & Technical Services;417.1;72.9;11,999,512;2,320,706;10;1;2014
Inés Gress;No;No;Germany;Professional, Scientific & Technical Services;381.1;68.8;2,222,748;461,983;4;2;2007
Die Direktkontakter;Yes;No;Germany;Professional, Scientific & Technical Services;332.7;63.0;2,318,980;535,877;12;4;2016
BrandUp Group;Yes;Yes;Italy;Professional, Scientific & Technical Services;319.5;61.3;5,001,158;1,192,054;6;2;2016
Euclyde Data Centers;No;No;France;Professional, Scientific & Technical Services;299.9;58.7;6,631,980;1,658,307;23;18;2004
Datlas;Yes;No;Italy;Professional, Scientific & Technical Services;291.6;57.6;11,465,566;2,927,976;289;85;2017
Radar Consulting Italia;Yes;No;Italy;Professional, Scientific & Technical Services;286.9;57.0;2,241,859;579,426;16;7;2010
Consorzio Prime Solution;No;No;Italy;Professional, Scientific & Technical Services;277.4;55.7;3,988,383;1,056,795;5;3;2014
Hamilton Barnes;No;No;UK;Professional, Scientific & Technical Services;276.5;55.6;14,880,983;3,700,230;65;20;2014
Trippel Bedriftsservice;Yes;No;Norway;Professional, Scientific & Technical Services;260.3;53.3;3,869,208;1,085,761;113;36;1999
Eichinger Gruppe;No;No;Germany;Professional, Scientific & Technical Services;257.4;52.9;10,074,762;2,819,000;280;85;2013
Increso;Yes;No;Italy;Professional, Scientific & Technical Services;252.2;52.2;3,389,540;962,302;66;6;2015
La Vida;Yes;Yes;UK;Professional, Scientific & Technical Services;250.7;51.9;11,255,209;3,004,996;14;8;2002
WeWatch Security Service;No;No;Germany;Professional, Scientific & Technical Services;226.2;48.3;16,209,797;4,969,249;296;162;2013
Pontica Solutions;No;No;Bulgaria;Professional, Scientific & Technical Services;219.0;47.2;10,276,969;3,221,140;630;87;2015
Sonic;Yes;No;Hungary;Professional, Scientific & Technical Services;215.5;46.7;5,298,340;1,931,811;10;6;2008
3E Studio;Yes;No;Italy;Professional, Scientific & Technical Services;205.7;45.1;6,628,611;2,168,139;30;2;2015
Deutscher Maklerverbund;Yes;Yes;Germany;Professional, Scientific & Technical Services;199.1;44.1;5,325,000;1,780,200;65;30;2009
Blubit;Yes;No;Slovenia;Professional, Scientific & Technical Services;177.3;40.5;4,563,321;1,645,419;28;13;2009
Elements Talent Consultancy;No;No;UK;Professional, Scientific & Technical Services;175.9;40.3;20,810,879;7,060,842;211;73;2016
Finest Audience;No;No;Germany;Professional, Scientific & Technical Services;174.0;39.9;2,376,769;867,501;13;4;2004
PHS;No;No;France;Professional, Scientific & Technical Services;162.1;37.9;4,227,816;1,612,890;51;25;2012
C&P;No;No;Italy;Professional, Scientific & Technical Services;160.6;37.6;14,551,946;5,584,216;485;239;1996
Anthesis Group;No;Yes;UK;Professional, Scientific & Technical Services;153.0;36.3;49,671,979;18,379,332;880;220;2013
Capacity;No;No;UK;Public Sector & Infrastructure;284.9;56.7;1,828,655;444,804;25;11;2016
Being;No;No;The Netherlands;Real Estate;2,594.5;199.8;39,167,615;1,453,606;25;7;2012
Logistics Capital Partners;No;No;Belgium;Real Estate;1,850.7;169.2;235,707,995;12,083,333;31;14;2015
MeilleursBiens.com;No;No;France;Real Estate;1,825.4;168.0;9,058,184;470,468;5;2;2010
rentry;No;No;Germany;Real Estate;1,391.1;146.1;6,274,154;420,776;10;10;2016
LGM Immobilier;Yes;No;France;Real Estate;1,138.9;131.4;5,480,435;442,359;10;2;2016
Renovars Real Estate;No;No;Italy;Real Estate;1,094.0;128.6;2,171,882;181,894;1;1;2017
M2DG Myflexoffice;No;No;France;Real Estate;737.0;103.0;9,662,799;1,154,412;36;5;2016
Axtom;No;No;France;Real Estate;731.7;102.6;55,030,235;6,616,264;102;25;2017
Longevity Partners;Yes;No;UK;Real Estate;678.4;98.2;7,615,942;916,040;96;6;2015
Viabilis;No;No;France;Real Estate;591.3;90.5;8,104,296;1,172,361;3;2;2013
Officine Mak;No;No;Italy;Real Estate;442.6;75.7;35,460,573;6,535,910;20;5;1956
Storage Share;No;No;The Netherlands;Real Estate;401.3;71.2;2,305,587;459,887;7;3;2016
Newil & Bau;Yes;Yes;Finland;Real Estate;382.6;69.0;11,631,876;2,410,063;9;1;2006
I-Particuliers;Yes;No;France;Real Estate;382.5;69.0;7,510,064;1,556,392;250;100;2011
BSK immobilier;No;No;France;Real Estate;314.8;60.7;28,686,682;6,915,962;16;8;2010
Evora Global;No;No;UK;Real Estate;278.1;55.8;14,730,067;3,647,740;157;36;2011
Rets;Yes;No;Poland;Real Estate;259.6;53.2;7,124,595;2,118,368;127;53;2014
Les Constructeurs du Bois;Yes;No;France;Real Estate;256.8;52.8;8,053,364;2,257,421;15;10;2011
Alpha Real Estate;Yes;Yes;Germany;Real Estate;242.3;50.7;148,237,000;43,300,000;71;22;2013
Dils;No;No;Italy;Real Estate;205.4;45.1;48,889,889;16,007,774;135;55;1971
Hemisphere;Yes;No;France;Real Estate;190.4;42.7;4,319,563;1,487,661;5;4;2017
Factory;Yes;No;France;Real Estate;181.9;41.3;23,497,868;8,334,230;52;18;2017
Købersmægler Køberrådgivning;No;No;Denmark;Real Estate;181.0;41.1;3,798,430;1,351,623;28;12;2014
Groupe Pierreval;No;No;France;Real Estate;169.7;39.2;367,809,042;136,361,345;553;474;1993
T Classic Cars;No;No;France;Retail;11,215.2;383.7;14,039,007;124,072;9;1;2012
Clearcycle;Yes;No;UK;Retail;1,021.4;123.8;4,146,073;346,147;26;4;2015
Ledworks;No;No;Italy;Retail;958.8;119.6;35,805,682;3,381,826;30;4;2016
Wolf & Badger;Yes;Yes;UK;Retail;664.2;97.0;29,405,274;3,602,344;126;39;2009
Fastned;Yes;Yes;The Netherlands;Retail;661.1;96.7;12,466,000;1,638,000;76;40;2012
Gyada Cosmetics;Yes;No;Italy;Retail;574.7;89.0;3,867,400;573,178;12;5;2017
C&C Hub;No;No;Italy;Retail;540.3;85.7;1,948,758;304,339;14;11;2018
Eskalia;No;No;France;Retail;477.5;79.4;3,116,002;539,566;10;3;2016
Superior Wellness;Yes;No;UK;Retail;467.3;78.4;68,175,827;11,250,350;70;26;2011
Gong;No;No;France;Retail;420.6;73.3;18,098,711;3,476,483;65;13;2009
Amco-Bulgaria;Yes;Yes;Bulgaria;Retail;420.2;73.3;10,647,145;2,046,702;36;7;2011
Carslift;Yes;No;France;Retail;361.6;66.5;3,037,913;658,119;49;20;2012
Ottica Lipari;No;No;Italy;Retail;272.5;55.0;2,592,289;695,868;11;11;2014
Seven Sundays;No;No;Switzerland;Retail;199.9;44.2;4,564,668;1,401,738;115;31;2014
Sweef;Yes;No;Sweden;Retail;189.0;42.4;14,142,819;4,950,963;21;10;2011
Luxury & Performance Sélection;Yes;No;France;Retail;184.1;41.6;8,899,407;3,132,612;4;1;2016
Autology;No;No;France;Retail;164.1;38.2;5,145,589;1,948,002;2;2;2011
Alphaspel;Yes;No;Sweden;Retail;158.2;37.2;5,631,995;2,207,448;25;7;2007
Ecoslops;No;No;France;Waste management & recycling;1,505.2;152.3;3,817,536;237,826;51;49;2009
NB Baumaschinen;No;No;Germany;Waste management & recycling;1,126.2;130.6;6,183,944;504,334;13;2;2016
Metaloop;Yes;No;Austria;Waste management & recycling;412.6;72.4;27,264,840;5,319,280;19;7;2016
Ependys Marivers;No;No;Germany;Waste management & recycling;412.0;72.4;10,521,000;2,055,000;19;8;2015
MR Group;Yes;No;Germany;Waste management & recycling;327.6;62.3;16,915,150;3,955,400;8;9;2017
Leone;No;No;Italy;Waste management & recycling;295.3;58.1;35,961,315;9,096,169;13;10;2017
DBM;No;No;Germany;Waste management & recycling;289.6;57.4;4,843,230;1,243,121;68;50;2018
LüneRecycling;No;No;Germany;Waste management & recycling;276.5;55.6;9,931,029;2,637,902;23;6;2016
Vincenzo Fagioli;No;No;Italy;Waste management & recycling;255.9;52.7;3,593,659;1,009,648;6;3;1985
Alfametal;No;No;Spain;Waste management & recycling;222.2;47.7;164,305,417;50,991,696;88;42;2014
Recygroup;No;No;France;Waste management & recycling;205.7;45.1;23,394,990;7,652,095;170;30;2014
CH Oleochemicals;No;No;Germany;Waste management & recycling;173.3;39.8;46,337,229;16,956,835;10;4;2017
Michael Joa Verwertungen;No;No;Germany;Waste management & recycling;168.9;39.1;9,365,265;3,482,736;22;15;2014
Elettrosmart;No;No;Italy;Wholesale;7,576.9;325.0;49,159,967;640,359;8;4;2017
Wall Universe;No;No;Germany;Wholesale;5,600.3;284.9;79,047,564;1,386,729;15;2;2018
Energynat;Yes;No;Poland;Wholesale;2,008.7;176.3;38,806,359;1,967,654;25;10;2010
Neobution;No;No;Germany;Wholesale;1,412.1;147.3;55,433,000;3,666,000;21;4;2017
Petro Mazowsze;No;No;Poland;Wholesale;1,196.6;134.9;79,520,186;6,557,480;63;15;2017
prosino;No;No;Germany;Wholesale;1,118.5;130.1;38,355,016;3,147,818;2;2;2009
Hitisy;No;No;Germany;Wholesale;1,037.4;124.9;36,991,212;3,252,342;9;5;2017
Kamado Bono;Yes;No;Lithuania;Wholesale;800.7;108.1;13,968,040;1,550,808;10;3;2013
Greyfood;Yes;No;Germany;Wholesale;774.5;106.0;19,384,895;2,216,647;10;4;2016
Essegi;No;No;Italy;Wholesale;667.9;97.3;18,011,629;2,345,421;13;4;2017
Nanosun;No;No;Czech Republic;Wholesale;664.2;97.0;47,616,203;6,031,111;24;15;2013
Silverline;No;No;Italy;Wholesale;663.6;96.9;3,658,422;479,097;3;3;2017
Karl & Léon;Yes;No;France;Wholesale;601.1;91.4;5,494,255;783,638;6;na;2015
Sollis Solargroßhandel;Yes;No;Germany;Wholesale;588.0;90.2;15,982,244;2,323,024;9;2;2017
GTC;No;No;Germany;Wholesale;566.4;88.2;71,340,900;10,705,807;22;13;2014
For a Suistanable Future;No;No;Germany;Wholesale;538.8;85.5;3,668,948;574,373;2;na;1996
Kunua;No;No;Germany;Wholesale;533.9;85.1;4,592,930;724,575;8;3;2014
Agrisole;No;No;Italy;Wholesale;510.8;82.8;30,713,954;5,028,104;4;1;2014
Floer;Yes;No;The Netherlands;Wholesale;487.1;80.4;4,414,160;751,914;21;3;2017
Pentagon Sales;No;No;Germany;Wholesale;455.8;77.1;30,091,016;5,414,485;10;8;2015
HiFi Extra;Yes;No;Germany;Wholesale;451.7;76.7;104,004,607;18,853,232;34;17;2016
GT Company;No;No;France;Wholesale;450.5;76.6;16,334,162;2,967,145;22;2;2013
Jakob Trading;No;No;Germany;Wholesale;393.0;70.2;11,463,565;2,325,402;4;1;2018
LA-Grossküchenservice;No;No;Germany;Wholesale;390.7;69.9;1,988,524;405,238;5;2;2013
Mario Aiello;No;No;Italy;Wholesale;309.2;59.9;2,016,325;492,744;4;1;2010
SHN International;No;No;Germany;Wholesale;307.7;59.8;3,186,671;781,530;3;2;2014
Manz Landtechnik;No;No;Germany;Wholesale;289.3;57.3;14,453,266;3,712,780;42;3;1958
Gusto;No;No;France;Wholesale;280.8;56.2;7,383,534;1,939,117;27;4;2012
BB&Co;No;No;France;Wholesale;271.6;54.9;2,716,200;730,900;8;3;2010
Kemikos;No;No;Italy;Wholesale;268.5;54.5;7,733,933;2,098,536;7;6;1991
Chris Kudernak;No;No;Germany;Wholesale;268.3;54.4;2,405,000;653,000;5;1;2003
Zeck Fishing;Yes;Yes;Germany;Wholesale;261.0;53.4;8,354,754;2,314,263;32;10;2013
EET;No;No;France;Wholesale;249.3;51.7;8,299,137;2,376,236;10;5;1993
Borgy;Yes;No;Czech Republic;Wholesale;243.5;50.9;28,709,152;8,091,090;56;27;2009
redpoint new energy;No;No;Germany;Wholesale;237.5;50.0;53,713,821;15,913,320;45;26;2014
Aer Trading;Yes;No;France;Wholesale;233.7;49.4;16,660,188;4,992,370;1;1;2013
US Supermarket;No;No;Germany;Wholesale;219.1;47.2;4,337,000;1,359,000;13;2;2013
HKR Technik;Yes;No;Germany;Wholesale;216.5;46.8;9,643,158;3,047,262;6;4;2008
Mixprice;No;No;Portugal;Wholesale;214.1;46.4;6,012,997;1,914,433;3;3;2009
LT Metal Partners;No;No;Lithuania;Wholesale;211.5;46.0;17,713,360;5,686,875;38;14;2013
Affinity Fragrances;No;No;UK;Wholesale;205.0;45.0;102,257,741;31,392,592;42;13;2015
Schmolke Schmierstoffe & Industrieservice;Yes;No;Germany;Wholesale;190.0;42.6;2,900,000;1,000,000;12;8;2010
Base Organic Food;Yes;No;France;Wholesale;177.2;40.5;14,230,872;5,134,630;35;13;2015
Joannes Distribution;Yes;No;France;Wholesale;176.7;40.4;10,932,608;3,951,027;8;6;2011
modico;No;No;Germany;Wholesale;175.7;40.2;5,160,877;1,871,786;15;14;2008
ZW France;No;No;France;Wholesale;175.3;40.2;2,613,063;949,188;10;6;2011
Prodis;No;No;France;Wholesale;171.9;39.6;16,754,493;6,161,973;12;8;2004
Gree Magyarország;No;No;Hungary;Wholesale;169.7;39.2;53,314,995;22,736,922;47;27;2001
RMF Group;Yes;No;Slovakia;Wholesale;168.6;39.0;4,159,979;1,548,907;2;2;2014
Pallet Solution;No;No;Hungary;Wholesale;162.0;37.9;11,379,686;4,996,239;5;3;2010
Easo Magno;Yes;No;Spain;Wholesale;160.1;37.5;3,537,321;1,360,224;7;3;2017
Trends+Brands;No;No;Germany;Wholesale;157.2;37.0;10,442,906;4,060,096;8;6;2015
Globe Flight;No;No;Germany;Wholesale;152.8;36.2;33,369,282;13,199,635;26;18;2012